Start,10/8/99
End,10/8/19
Frequency,D
Name,ISHARES MSCI EAFE INDEX ETF
Code,28217Q
CURRENCY,C$
10/8/99,#N/A
10/11/99,#N/A
10/12/99,#N/A
10/13/99,#N/A
10/14/99,#N/A
10/15/99,#N/A
10/18/99,#N/A
10/19/99,#N/A
10/20/99,#N/A
10/21/99,#N/A
10/22/99,#N/A
10/25/99,#N/A
10/26/99,#N/A
10/27/99,#N/A
10/28/99,#N/A
10/29/99,#N/A
11/1/99,#N/A
11/2/99,#N/A
11/3/99,#N/A
11/4/99,#N/A
11/5/99,#N/A
11/8/99,#N/A
11/9/99,#N/A
11/10/99,#N/A
11/11/99,#N/A
11/12/99,#N/A
11/15/99,#N/A
11/16/99,#N/A
11/17/99,#N/A
11/18/99,#N/A
11/19/99,#N/A
11/22/99,#N/A
11/23/99,#N/A
11/24/99,#N/A
11/25/99,#N/A
11/26/99,#N/A
11/29/99,#N/A
11/30/99,#N/A
12/1/99,#N/A
12/2/99,#N/A
12/3/99,#N/A
12/6/99,#N/A
12/7/99,#N/A
12/8/99,#N/A
12/9/99,#N/A
12/10/99,#N/A
12/13/99,#N/A
12/14/99,#N/A
12/15/99,#N/A
12/16/99,#N/A
12/17/99,#N/A
12/20/99,#N/A
12/21/99,#N/A
12/22/99,#N/A
12/23/99,#N/A
12/24/99,#N/A
12/27/99,#N/A
12/28/99,#N/A
12/29/99,#N/A
12/30/99,#N/A
12/31/99,#N/A
1/3/00,#N/A
1/4/00,#N/A
1/5/00,#N/A
1/6/00,#N/A
1/7/00,#N/A
1/10/00,#N/A
1/11/00,#N/A
1/12/00,#N/A
1/13/00,#N/A
1/14/00,#N/A
1/17/00,#N/A
1/18/00,#N/A
1/19/00,#N/A
1/20/00,#N/A
1/21/00,#N/A
1/24/00,#N/A
1/25/00,#N/A
1/26/00,#N/A
1/27/00,#N/A
1/28/00,#N/A
1/31/00,#N/A
2/1/00,#N/A
2/2/00,#N/A
2/3/00,#N/A
2/4/00,#N/A
2/7/00,#N/A
2/8/00,#N/A
2/9/00,#N/A
2/10/00,#N/A
2/11/00,#N/A
2/14/00,#N/A
2/15/00,#N/A
2/16/00,#N/A
2/17/00,#N/A
2/18/00,#N/A
2/21/00,#N/A
2/22/00,#N/A
2/23/00,#N/A
2/24/00,#N/A
2/25/00,#N/A
2/28/00,#N/A
2/29/00,#N/A
3/1/00,#N/A
3/2/00,#N/A
3/3/00,#N/A
3/6/00,#N/A
3/7/00,#N/A
3/8/00,#N/A
3/9/00,#N/A
3/10/00,#N/A
3/13/00,#N/A
3/14/00,#N/A
3/15/00,#N/A
3/16/00,#N/A
3/17/00,#N/A
3/20/00,#N/A
3/21/00,#N/A
3/22/00,#N/A
3/23/00,#N/A
3/24/00,#N/A
3/27/00,#N/A
3/28/00,#N/A
3/29/00,#N/A
3/30/00,#N/A
3/31/00,#N/A
4/3/00,#N/A
4/4/00,#N/A
4/5/00,#N/A
4/6/00,#N/A
4/7/00,#N/A
4/10/00,#N/A
4/11/00,#N/A
4/12/00,#N/A
4/13/00,#N/A
4/14/00,#N/A
4/17/00,#N/A
4/18/00,#N/A
4/19/00,#N/A
4/20/00,#N/A
4/21/00,#N/A
4/24/00,#N/A
4/25/00,#N/A
4/26/00,#N/A
4/27/00,#N/A
4/28/00,#N/A
5/1/00,#N/A
5/2/00,#N/A
5/3/00,#N/A
5/4/00,#N/A
5/5/00,#N/A
5/8/00,#N/A
5/9/00,#N/A
5/10/00,#N/A
5/11/00,#N/A
5/12/00,#N/A
5/15/00,#N/A
5/16/00,#N/A
5/17/00,#N/A
5/18/00,#N/A
5/19/00,#N/A
5/22/00,#N/A
5/23/00,#N/A
5/24/00,#N/A
5/25/00,#N/A
5/26/00,#N/A
5/29/00,#N/A
5/30/00,#N/A
5/31/00,#N/A
6/1/00,#N/A
6/2/00,#N/A
6/5/00,#N/A
6/6/00,#N/A
6/7/00,#N/A
6/8/00,#N/A
6/9/00,#N/A
6/12/00,#N/A
6/13/00,#N/A
6/14/00,#N/A
6/15/00,#N/A
6/16/00,#N/A
6/19/00,#N/A
6/20/00,#N/A
6/21/00,#N/A
6/22/00,#N/A
6/23/00,#N/A
6/26/00,#N/A
6/27/00,#N/A
6/28/00,#N/A
6/29/00,#N/A
6/30/00,#N/A
7/3/00,#N/A
7/4/00,#N/A
7/5/00,#N/A
7/6/00,#N/A
7/7/00,#N/A
7/10/00,#N/A
7/11/00,#N/A
7/12/00,#N/A
7/13/00,#N/A
7/14/00,#N/A
7/17/00,#N/A
7/18/00,#N/A
7/19/00,#N/A
7/20/00,#N/A
7/21/00,#N/A
7/24/00,#N/A
7/25/00,#N/A
7/26/00,#N/A
7/27/00,#N/A
7/28/00,#N/A
7/31/00,#N/A
8/1/00,#N/A
8/2/00,#N/A
8/3/00,#N/A
8/4/00,#N/A
8/7/00,#N/A
8/8/00,#N/A
8/9/00,#N/A
8/10/00,#N/A
8/11/00,#N/A
8/14/00,#N/A
8/15/00,#N/A
8/16/00,#N/A
8/17/00,#N/A
8/18/00,#N/A
8/21/00,#N/A
8/22/00,#N/A
8/23/00,#N/A
8/24/00,#N/A
8/25/00,#N/A
8/28/00,#N/A
8/29/00,#N/A
8/30/00,#N/A
8/31/00,#N/A
9/1/00,#N/A
9/4/00,#N/A
9/5/00,#N/A
9/6/00,#N/A
9/7/00,#N/A
9/8/00,#N/A
9/11/00,#N/A
9/12/00,#N/A
9/13/00,#N/A
9/14/00,#N/A
9/15/00,#N/A
9/18/00,#N/A
9/19/00,#N/A
9/20/00,#N/A
9/21/00,#N/A
9/22/00,#N/A
9/25/00,#N/A
9/26/00,#N/A
9/27/00,#N/A
9/28/00,#N/A
9/29/00,#N/A
10/2/00,#N/A
10/3/00,#N/A
10/4/00,#N/A
10/5/00,#N/A
10/6/00,#N/A
10/9/00,#N/A
10/10/00,#N/A
10/11/00,#N/A
10/12/00,#N/A
10/13/00,#N/A
10/16/00,#N/A
10/17/00,#N/A
10/18/00,#N/A
10/19/00,#N/A
10/20/00,#N/A
10/23/00,#N/A
10/24/00,#N/A
10/25/00,#N/A
10/26/00,#N/A
10/27/00,#N/A
10/30/00,#N/A
10/31/00,#N/A
11/1/00,#N/A
11/2/00,#N/A
11/3/00,#N/A
11/6/00,#N/A
11/7/00,#N/A
11/8/00,#N/A
11/9/00,#N/A
11/10/00,#N/A
11/13/00,#N/A
11/14/00,#N/A
11/15/00,#N/A
11/16/00,#N/A
11/17/00,#N/A
11/20/00,#N/A
11/21/00,#N/A
11/22/00,#N/A
11/23/00,#N/A
11/24/00,#N/A
11/27/00,#N/A
11/28/00,#N/A
11/29/00,#N/A
11/30/00,#N/A
12/1/00,#N/A
12/4/00,#N/A
12/5/00,#N/A
12/6/00,#N/A
12/7/00,#N/A
12/8/00,#N/A
12/11/00,#N/A
12/12/00,#N/A
12/13/00,#N/A
12/14/00,#N/A
12/15/00,#N/A
12/18/00,#N/A
12/19/00,#N/A
12/20/00,#N/A
12/21/00,#N/A
12/22/00,#N/A
12/25/00,#N/A
12/26/00,#N/A
12/27/00,#N/A
12/28/00,#N/A
12/29/00,#N/A
1/1/01,#N/A
1/2/01,#N/A
1/3/01,#N/A
1/4/01,#N/A
1/5/01,#N/A
1/8/01,#N/A
1/9/01,#N/A
1/10/01,#N/A
1/11/01,#N/A
1/12/01,#N/A
1/15/01,#N/A
1/16/01,#N/A
1/17/01,#N/A
1/18/01,#N/A
1/19/01,#N/A
1/22/01,#N/A
1/23/01,#N/A
1/24/01,#N/A
1/25/01,#N/A
1/26/01,#N/A
1/29/01,#N/A
1/30/01,#N/A
1/31/01,#N/A
2/1/01,#N/A
2/2/01,#N/A
2/5/01,#N/A
2/6/01,#N/A
2/7/01,#N/A
2/8/01,#N/A
2/9/01,#N/A
2/12/01,#N/A
2/13/01,#N/A
2/14/01,#N/A
2/15/01,#N/A
2/16/01,#N/A
2/19/01,#N/A
2/20/01,#N/A
2/21/01,#N/A
2/22/01,#N/A
2/23/01,#N/A
2/26/01,#N/A
2/27/01,#N/A
2/28/01,#N/A
3/1/01,#N/A
3/2/01,#N/A
3/5/01,#N/A
3/6/01,#N/A
3/7/01,#N/A
3/8/01,#N/A
3/9/01,#N/A
3/12/01,#N/A
3/13/01,#N/A
3/14/01,#N/A
3/15/01,#N/A
3/16/01,#N/A
3/19/01,#N/A
3/20/01,#N/A
3/21/01,#N/A
3/22/01,#N/A
3/23/01,#N/A
3/26/01,#N/A
3/27/01,#N/A
3/28/01,#N/A
3/29/01,#N/A
3/30/01,#N/A
4/2/01,#N/A
4/3/01,#N/A
4/4/01,#N/A
4/5/01,#N/A
4/6/01,#N/A
4/9/01,#N/A
4/10/01,#N/A
4/11/01,#N/A
4/12/01,#N/A
4/13/01,#N/A
4/16/01,#N/A
4/17/01,#N/A
4/18/01,#N/A
4/19/01,#N/A
4/20/01,#N/A
4/23/01,#N/A
4/24/01,#N/A
4/25/01,#N/A
4/26/01,#N/A
4/27/01,#N/A
4/30/01,#N/A
5/1/01,#N/A
5/2/01,#N/A
5/3/01,#N/A
5/4/01,#N/A
5/7/01,#N/A
5/8/01,#N/A
5/9/01,#N/A
5/10/01,#N/A
5/11/01,#N/A
5/14/01,#N/A
5/15/01,#N/A
5/16/01,#N/A
5/17/01,#N/A
5/18/01,#N/A
5/21/01,#N/A
5/22/01,#N/A
5/23/01,#N/A
5/24/01,#N/A
5/25/01,#N/A
5/28/01,#N/A
5/29/01,#N/A
5/30/01,#N/A
5/31/01,#N/A
6/1/01,#N/A
6/4/01,#N/A
6/5/01,#N/A
6/6/01,#N/A
6/7/01,#N/A
6/8/01,#N/A
6/11/01,#N/A
6/12/01,#N/A
6/13/01,#N/A
6/14/01,#N/A
6/15/01,#N/A
6/18/01,#N/A
6/19/01,#N/A
6/20/01,#N/A
6/21/01,#N/A
6/22/01,#N/A
6/25/01,#N/A
6/26/01,#N/A
6/27/01,#N/A
6/28/01,#N/A
6/29/01,#N/A
7/2/01,#N/A
7/3/01,#N/A
7/4/01,#N/A
7/5/01,#N/A
7/6/01,#N/A
7/9/01,#N/A
7/10/01,#N/A
7/11/01,#N/A
7/12/01,#N/A
7/13/01,#N/A
7/16/01,#N/A
7/17/01,#N/A
7/18/01,#N/A
7/19/01,#N/A
7/20/01,#N/A
7/23/01,#N/A
7/24/01,#N/A
7/25/01,#N/A
7/26/01,#N/A
7/27/01,#N/A
7/30/01,#N/A
7/31/01,#N/A
8/1/01,#N/A
8/2/01,#N/A
8/3/01,#N/A
8/6/01,#N/A
8/7/01,#N/A
8/8/01,#N/A
8/9/01,#N/A
8/10/01,#N/A
8/13/01,#N/A
8/14/01,#N/A
8/15/01,#N/A
8/16/01,#N/A
8/17/01,#N/A
8/20/01,#N/A
8/21/01,#N/A
8/22/01,#N/A
8/23/01,#N/A
8/24/01,#N/A
8/27/01,#N/A
8/28/01,#N/A
8/29/01,#N/A
8/30/01,#N/A
8/31/01,#N/A
9/3/01,#N/A
9/4/01,#N/A
9/5/01,#N/A
9/6/01,#N/A
9/7/01,#N/A
9/10/01,#N/A
9/11/01,20.7
9/12/01,20.7
9/13/01,19.35
9/14/01,19.25
9/17/01,19.15
9/18/01,19
9/19/01,19.15
9/20/01,18.2
9/21/01,17.75
9/24/01,18.3
9/25/01,18.7
9/26/01,18.9
9/27/01,18.9
9/28/01,19.4
10/1/01,19.4
10/2/01,19.4
10/3/01,19.4
10/4/01,19.4
10/5/01,19.4
10/8/01,19.4
10/9/01,19.4
10/10/01,19.8
10/11/01,19.8
10/12/01,20.3
10/15/01,19.65
10/16/01,19.85
10/17/01,20.1
10/18/01,19.9
10/19/01,19.65
10/22/01,19.8
10/23/01,19.85
10/24/01,20.15
10/25/01,20
10/26/01,20.2
10/29/01,20.15
10/30/01,19.7
10/31/01,20
11/1/01,20
11/2/01,20
11/5/01,20
11/6/01,20
11/7/01,20
11/8/01,20
11/9/01,19.65
11/12/01,20.25
11/13/01,20.6
11/14/01,20.6
11/15/01,20.55
11/16/01,20.75
11/19/01,20.95
11/20/01,20.8
11/21/01,20.8
11/22/01,20.9
11/23/01,20.85
11/26/01,21
11/27/01,20.6
11/28/01,20.35
11/29/01,20.45
11/30/01,20.45
12/3/01,20.45
12/4/01,20.45
12/5/01,20.45
12/6/01,20.45
12/7/01,20.45
12/10/01,20
12/11/01,20.55
12/12/01,20.3
12/13/01,19.9
12/14/01,19.9
12/17/01,20.25
12/18/01,20.1
12/19/01,20.05
12/20/01,19.9
12/21/01,20
12/24/01,20.2
12/25/01,20.2
12/26/01,20.2
12/27/01,20.65
12/28/01,20.5
12/31/01,20.6
1/1/02,20.6
1/2/02,19.5
1/3/02,19.7
1/4/02,20.7
1/7/02,20.7
1/8/02,17.65
1/9/02,17.65
1/10/02,16.2
1/11/02,16.6
1/14/02,19.95
1/15/02,19.75
1/16/02,19.6
1/17/02,20.05
1/18/02,20.05
1/21/02,20.05
1/22/02,19.9
1/23/02,19.75
1/24/02,19.95
1/25/02,19.75
1/28/02,19.95
1/29/02,19.5
1/30/02,19.25
1/31/02,19.45
2/1/02,20.65
2/4/02,20.8
2/5/02,20.5
2/6/02,20.5
2/7/02,18.95
2/8/02,17.5
2/11/02,17.5
2/12/02,17.35
2/13/02,19.35
2/14/02,19.55
2/15/02,19.65
2/18/02,19.6
2/19/02,19.14
2/20/02,19.05
2/21/02,19
2/22/02,19.15
2/25/02,19.6
2/26/02,19.5
2/27/02,19.75
2/28/02,19.65
3/1/02,20.63
3/4/02,20.75
3/5/02,20.55
3/6/02,20.35
3/7/02,18.7
3/8/02,18.7
3/11/02,18.7
3/12/02,17.2
3/13/02,20.7
3/14/02,20.7
3/15/02,20.7
3/18/02,20.8
3/19/02,20.9
3/20/02,20.7
3/21/02,20.75
3/22/02,20.55
3/25/02,20.5
3/26/02,20.55
3/27/02,20.55
3/28/02,20.75
3/29/02,20.75
4/1/02,20.9
4/2/02,19.35
4/3/02,20.35
4/4/02,20.75
4/5/02,20.75
4/8/02,20.75
4/9/02,17.15
4/10/02,15.95
4/11/02,17
4/12/02,17.05
4/15/02,20.45
4/16/02,20.6
4/17/02,20.8
4/18/02,20.75
4/19/02,20.7
4/22/02,20.7
4/23/02,20.6
4/24/02,20.65
4/25/02,20.45
4/26/02,20.35
4/29/02,20.45
4/30/02,20.45
5/1/02,20.45
5/2/02,19.2
5/3/02,20.3
5/6/02,20
5/7/02,19.2
5/8/02,19.2
5/9/02,17
5/10/02,17
5/13/02,20.3
5/14/02,20.4
5/15/02,20.55
5/16/02,20.7
5/17/02,20.75
5/20/02,20.75
5/21/02,20.65
5/22/02,20.55
5/23/02,20.45
5/24/02,20.55
5/27/02,20.55
5/28/02,20.45
5/29/02,20.4
5/30/02,20.35
5/31/02,20.3
6/3/02,20.4
6/4/02,20.4
6/5/02,20.55
6/6/02,20
6/7/02,20
6/10/02,20
6/11/02,17.2
6/12/02,16.75
6/13/02,19.3
6/14/02,19.1
6/17/02,19.1
6/18/02,19.3
6/19/02,19
6/20/02,18.8
6/21/02,18.65
6/24/02,18.45
6/25/02,18.55
6/26/02,18.45
6/27/02,18.65
6/28/02,19.1
7/1/02,20.85
7/2/02,19.05
7/3/02,20.8
7/4/02,20.8
7/5/02,20.35
7/8/02,17.4
7/9/02,17.4
7/10/02,15.45
7/11/02,16.95
7/12/02,16.95
7/15/02,18.1
7/16/02,17.75
7/17/02,18.3
7/18/02,18.2
7/19/02,17.8
7/22/02,17.7
7/23/02,17.2
7/24/02,17.55
7/25/02,17.25
7/26/02,17.25
7/29/02,17.9
7/30/02,18.15
7/31/02,18.1
8/1/02,20.5
8/2/02,19.3
8/5/02,20.55
8/6/02,20.55
8/7/02,19.2
8/8/02,17.55
8/9/02,17.55
8/12/02,17.55
8/13/02,17.75
8/14/02,17.8
8/15/02,18
8/16/02,18.15
8/19/02,18.4
8/20/02,18.25
8/21/02,18.3
8/22/02,18.25
8/23/02,18.4
8/26/02,18.3
8/27/02,18.35
8/28/02,18.1
8/29/02,17.7
8/30/02,17.8
9/2/02,17.8
9/3/02,17.8
9/4/02,20.55
9/5/02,20.55
9/6/02,20.55
9/9/02,17.1
9/10/02,15.35
9/11/02,15.35
9/12/02,16.7
9/13/02,17.2
9/16/02,17
9/17/02,16.9
9/18/02,16.61
9/19/02,16.45
9/20/02,16.2
9/23/02,16
9/24/02,15.6
9/25/02,16
9/26/02,16.25
9/27/02,16.4
9/30/02,16
10/1/02,20.3
10/2/02,20.3
10/3/02,20.3
10/4/02,20.65
10/7/02,18.7
10/8/02,18.7
10/9/02,17.45
10/10/02,15.6
10/11/02,15.6
10/14/02,15.6
10/15/02,16.8
10/16/02,16.45
10/17/02,16.74
10/18/02,16.65
10/21/02,16.65
10/22/02,16.5
10/23/02,16.3
10/24/02,16.21
10/25/02,16.45
10/28/02,16.7
10/29/02,16.35
10/30/02,16.5
10/31/02,16.62
11/1/02,20.15
11/4/02,20.5
11/5/02,20.5
11/6/02,19.85
11/7/02,18.45
11/8/02,18.45
11/11/02,16.75
11/12/02,16.55
11/13/02,16.7
11/14/02,16.9
11/15/02,17.2
11/18/02,17.35
11/19/02,17.15
11/20/02,17.2
11/21/02,17.5
11/22/02,17.4
11/25/02,17.25
11/26/02,17.15
11/27/02,17.45
11/28/02,17.65
11/29/02,17.5
12/2/02,19.5
12/3/02,20.65
12/4/02,20.4
12/5/02,20.4
12/6/02,19.5
12/9/02,17.45
12/10/02,17.45
12/11/02,17
12/12/02,16.55
12/13/02,16.6
12/16/02,16.9
12/17/02,16.75
12/18/02,16.5
12/19/02,16.4
12/20/02,16.55
12/23/02,16.6
12/24/02,16.6
12/25/02,16.6
12/26/02,16.6
12/27/02,16.6
12/30/02,16.85
12/31/02,16.8
1/1/03,16.8
1/2/03,16.8
1/3/03,16.8
1/6/03,16.8
1/7/03,16.8
1/8/03,17
1/9/03,17
1/10/03,17.85
1/13/03,17.1
1/14/03,17.25
1/15/03,17
1/16/03,16.9
1/17/03,16.8
1/20/03,16.7
1/21/03,16.6
1/22/03,16.3
1/23/03,16.3
1/24/03,16
1/27/03,15.6
1/28/03,15.8
1/29/03,15.65
1/30/03,15.7
1/31/03,15.8
2/3/03,15.8
2/4/03,15.1
2/5/03,15.75
2/6/03,16.25
2/7/03,16.3
2/10/03,17.6
2/11/03,17.6
2/12/03,18.45
2/13/03,15.4
2/14/03,15.75
2/17/03,15.95
2/18/03,16
2/19/03,15.7
2/20/03,15.65
2/21/03,15.6
2/24/03,15.45
2/25/03,15.1
2/26/03,15
2/27/03,15
2/28/03,15.1
3/3/03,15.25
3/4/03,15.1
3/5/03,15.1
3/6/03,16.15
3/7/03,16.25
3/10/03,17.9
3/11/03,18.35
3/12/03,18.5
3/13/03,14.3
3/14/03,14.45
3/17/03,14.85
3/18/03,14.8
3/19/03,15
3/20/03,15.15
3/21/03,15.6
3/24/03,14.9
3/25/03,15.05
3/26/03,15.2
3/27/03,15
3/28/03,14.85
3/31/03,14.45
4/1/03,14.45
4/2/03,15.75
4/3/03,14.9
4/4/03,15.2
4/7/03,16.2
4/8/03,16.2
4/9/03,17.6
4/10/03,17.6
4/11/03,18.35
4/14/03,15.3
4/15/03,15.45
4/16/03,15.35
4/17/03,15.6
4/18/03,15.6
4/21/03,15.5
4/22/03,15.75
4/23/03,15.85
4/24/03,15.85
4/25/03,15.55
4/28/03,15.75
4/29/03,15.65
4/30/03,15.7
5/1/03,15.7
5/2/03,15.95
5/5/03,15.75
5/6/03,16.1
5/7/03,16.1
5/8/03,17
5/9/03,17.55
5/12/03,18.65
5/13/03,15.65
5/14/03,15.7
5/15/03,15.55
5/16/03,15.7
5/19/03,15.7
5/20/03,15.4
5/21/03,15.2
5/22/03,15.55
5/23/03,15.8
5/26/03,15.75
5/27/03,15.85
5/28/03,16
5/29/03,16
5/30/03,16
6/2/03,15.69
6/3/03,14.8
6/4/03,14.8
6/5/03,16.05
6/6/03,16.35
6/9/03,16.35
6/10/03,18.15
6/11/03,18.3
6/12/03,18.3
6/13/03,16.4
6/16/03,16.65
6/17/03,16.8
6/18/03,16.65
6/19/03,16.65
6/20/03,16.7
6/23/03,16.6
6/24/03,16.4
6/25/03,16.3
6/26/03,16.25
6/27/03,16.1
6/30/03,16
7/1/03,17.2
7/2/03,15.6
7/3/03,14.5
7/4/03,15.35
7/7/03,16.6
7/8/03,16.85
7/9/03,16.85
7/10/03,17.95
7/11/03,18.2
7/14/03,16.9
7/15/03,16.95
7/16/03,16.8
7/17/03,16.55
7/18/03,17
7/21/03,16.85
7/22/03,17
7/23/03,16.95
7/24/03,17.05
7/25/03,17.1
7/28/03,17.15
7/29/03,16.9
7/30/03,17.15
7/31/03,17.05
8/1/03,16.84
8/4/03,15.4
8/5/03,15.55
8/6/03,15.55
8/7/03,16.75
8/8/03,16.9
8/11/03,16.9
8/12/03,18.55
8/13/03,17
8/14/03,17.15
8/15/03,17.3
8/18/03,17.35
8/19/03,17.5
8/20/03,17.65
8/21/03,17.65
8/22/03,17.6
8/25/03,17.25
8/26/03,17.15
8/27/03,17.4
8/28/03,17.3
8/29/03,17.28
9/1/03,17.05
9/2/03,17.05
9/3/03,17.05
9/4/03,15.2
9/5/03,15.55
9/8/03,15.55
9/9/03,17.75
9/10/03,18.2
9/11/03,18.2
9/12/03,18.5
9/15/03,17.7
9/16/03,17.9
9/17/03,17.9
9/18/03,18.2
9/19/03,17.95
9/22/03,17.85
9/23/03,17.7
9/24/03,17.7
9/25/03,17.5
9/26/03,17.45
9/29/03,17.6
9/30/03,17.35
10/1/03,17.1
10/2/03,15.4
10/3/03,14.1
10/6/03,16.3
10/7/03,16.8
10/8/03,16.8
10/9/03,17.6
10/10/03,18.05
10/13/03,18.05
10/14/03,18.3
10/15/03,18.1
10/16/03,18.15
10/17/03,18
10/20/03,18.2
10/21/03,18.3
10/22/03,17.95
10/23/03,17.55
10/24/03,17.4
10/27/03,17.75
10/28/03,18
10/29/03,18.05
10/30/03,18.15
10/31/03,18.05
11/3/03,14.01
11/4/03,15.1
11/5/03,15.1
11/6/03,16.4
11/7/03,16.75
11/10/03,16.75
11/11/03,17.85
11/12/03,18.9
11/13/03,18.1
11/14/03,18.05
11/17/03,17.85
11/18/03,17.75
11/19/03,17.65
11/20/03,17.55
11/21/03,17.8
11/24/03,18.15
11/25/03,18.15
11/26/03,18
11/27/03,18.2
11/28/03,18.15
12/1/03,18.15
12/2/03,15.65
12/3/03,13.9
12/4/03,13.9
12/5/03,15.85
12/8/03,17.05
12/9/03,17.6
12/10/03,17.6
12/11/03,17.75
12/12/03,18.89
12/15/03,18.9
12/16/03,19.15
12/17/03,19.05
12/18/03,19.4
12/19/03,19.45
12/22/03,19.4
12/23/03,19.3
12/24/03,19.1
12/25/03,19.1
12/26/03,19.1
12/29/03,19.5
12/30/03,19.5
12/31/03,19.5
1/1/04,19.5
1/2/04,19.65
1/5/04,19.8
1/6/04,19.8
1/7/04,19.7
1/8/04,19.75
1/9/04,19.65
1/12/04,19.7
1/13/04,19.5
1/14/04,19.95
1/15/04,19.9
1/16/04,19.8
1/19/04,19.9
1/20/04,19.89
1/21/04,20.15
1/22/04,20.25
1/23/04,20.35
1/26/04,20.35
1/27/04,20.35
1/28/04,20.25
1/29/04,20.15
1/30/04,20.25
2/2/04,20.4
2/3/04,20.45
2/4/04,20.2
2/5/04,20.3
2/6/04,20.45
2/9/04,20.6
2/10/04,20.7
2/11/04,20.8
2/12/04,20.65
2/13/04,20.55
2/16/04,20.75
2/17/04,20.9
2/18/04,20.75
2/19/04,21.05
2/20/04,20.9
2/23/04,20.9
2/24/04,20.75
2/25/04,20.65
2/26/04,20.72
2/27/04,20.85
3/1/04,21.15
3/2/04,20.95
3/3/04,20.8
3/4/04,20.75
3/5/04,20.75
3/8/04,20.75
3/9/04,20.55
3/10/04,20.25
3/11/04,19.95
3/12/04,20.1
3/15/04,19.8
3/16/04,20.15
3/17/04,20.6
3/18/04,20.45
3/19/04,20.35
3/22/04,20.05
3/23/04,20.2
3/24/04,20.19
3/25/04,20.15
3/26/04,20.15
3/29/04,20.16
3/30/04,20.3
3/31/04,20.45
4/1/04,20.7
4/2/04,20.75
4/5/04,20.8
4/6/04,20.8
4/7/04,20.85
4/8/04,21
4/9/04,21
4/12/04,21.25
4/13/04,21
4/14/04,20.75
4/15/04,20.8
4/16/04,21
4/19/04,21.05
4/20/04,21.1
4/21/04,21.05
4/22/04,21.1
4/23/04,21.2
4/26/04,21.25
4/27/04,21.2
4/28/04,21.05
4/29/04,21
4/30/04,20.95
5/3/04,21
5/4/04,21.15
5/5/04,21.55
5/6/04,21.1
5/7/04,20.75
5/10/04,20.15
5/11/04,20.35
5/12/04,20.5
5/13/04,20.5
5/14/04,20.35
5/17/04,20.15
5/18/04,20
5/19/04,20.25
5/20/04,20.19
5/21/04,20.5
5/24/04,20.5
5/25/04,20.43
5/26/04,20.65
5/27/04,21
5/28/04,20.9
5/31/04,20.82
6/1/04,21
6/2/04,21.03
6/3/04,20.78
6/4/04,20.9
6/7/04,21.14
6/8/04,21.04
6/9/04,21
6/10/04,21.2
6/11/04,21.2
6/14/04,20.9
6/15/04,21.19
6/16/04,21.24
6/17/04,21.25
6/18/04,21.34
6/21/04,21.35
6/22/04,21.1
6/23/04,21.2
6/24/04,21.2
6/25/04,21.2
6/28/04,21.27
6/29/04,21.15
6/30/04,21.1
7/1/04,21.1
7/2/04,20.85
7/5/04,20.7
7/6/04,20.6
7/7/04,20.55
7/8/04,20.45
7/9/04,20.58
7/12/04,20.55
7/13/04,20.51
7/14/04,20.35
7/15/04,20.45
7/16/04,20.35
7/19/04,20.25
7/20/04,20.22
7/21/04,20.3
7/22/04,20.2
7/23/04,19.9
7/26/04,19.95
7/27/04,19.9
7/28/04,19.95
7/29/04,20.05
7/30/04,20.2
8/2/04,20.2
8/3/04,19.85
8/4/04,19.6
8/5/04,19.6
8/6/04,19.6
8/9/04,19.55
8/10/04,19.7
8/11/04,19.7
8/12/04,19.7
8/13/04,19.5
8/16/04,19.35
8/17/04,19.55
8/18/04,19.5
8/19/04,19.6
8/20/04,19.51
8/23/04,19.7
8/24/04,19.65
8/25/04,19.75
8/26/04,19.9
8/27/04,20
8/30/04,20
8/31/04,20.05
9/1/04,20
9/2/04,20.04
9/3/04,19.85
9/6/04,19.85
9/7/04,19.75
9/8/04,19.75
9/9/04,19.8
9/10/04,20
9/13/04,20.15
9/14/04,20
9/15/04,19.95
9/16/04,19.95
9/17/04,20.15
9/20/04,20.05
9/21/04,20.1
9/22/04,19.85
9/23/04,19.75
9/24/04,19.65
9/27/04,19.5
9/28/04,19.41
9/29/04,19.5
9/30/04,19.55
10/1/04,19.72
10/4/04,19.96
10/5/04,19.81
10/6/04,19.98
10/7/04,19.85
10/8/04,19.85
10/11/04,19.85
10/12/04,19.8
10/13/04,19.65
10/14/04,19.6
10/15/04,19.7
10/18/04,19.75
10/19/04,19.85
10/20/04,19.65
10/21/04,19.65
10/22/04,19.6
10/25/04,19.3
10/26/04,19.3
10/27/04,19.6
10/28/04,19.45
10/29/04,19.6
11/1/04,19.7
11/2/04,19.81
11/3/04,19.85
11/4/04,19.95
11/5/04,19.94
11/8/04,19.7
11/9/04,19.85
11/10/04,19.8
11/11/04,19.95
11/12/04,20.19
11/15/04,20.3
11/16/04,20.05
11/17/04,20.3
11/18/04,20.45
11/19/04,20.2
11/22/04,20.05
11/23/04,20
11/24/04,20
11/25/04,20.2
11/26/04,20.15
11/29/04,20.35
11/30/04,20.26
12/1/04,20.4
12/2/04,20.6
12/3/04,20.85
12/6/04,20.85
12/7/04,20.85
12/8/04,20.95
12/9/04,20.9
12/10/04,20.8
12/13/04,21
12/14/04,21.21
12/15/04,21.25
12/16/04,21.2
12/17/04,20.95
12/20/04,21.35
12/21/04,21.4
12/22/04,21.65
12/23/04,21.75
12/24/04,21.69
12/27/04,21.69
12/28/04,21.69
12/29/04,21.7
12/30/04,21.4
12/31/04,21.35
1/3/05,21.35
1/4/05,21.26
1/5/05,21.15
1/6/05,21.35
1/7/05,21.4
1/10/05,21.3
1/11/05,21.1
1/12/05,21
1/13/05,20.85
1/14/05,21.25
1/17/05,21.2
1/18/05,21.25
1/19/05,21.2
1/20/05,21.25
1/21/05,21.1
1/24/05,21.3
1/25/05,21.5
1/26/05,21.55
1/27/05,21.6
1/28/05,21.65
1/31/05,21.7
2/1/05,21.7
2/2/05,21.85
2/3/05,21.74
2/4/05,21.95
2/7/05,22
2/8/05,21.9
2/9/05,21.95
2/10/05,22
2/11/05,22.05
2/14/05,22
2/15/05,22.22
2/16/05,22.1
2/17/05,21.95
2/18/05,22.15
2/21/05,22.3
2/22/05,22.15
2/23/05,22.05
2/24/05,22.35
2/25/05,22.55
2/28/05,22.45
3/1/05,22.65
3/2/05,22.5
3/3/05,22.6
3/4/05,22.75
3/7/05,22.56
3/8/05,22.45
3/9/05,22.1
3/10/05,22.15
3/11/05,22.1
3/14/05,22.09
3/15/05,22.14
3/16/05,22.1
3/17/05,21.87
3/18/05,21.95
3/21/05,21.9
3/22/05,21.75
3/23/05,21.5
3/24/05,21.7
3/25/05,21.7
3/28/05,21.6
3/29/05,21.45
3/30/05,21.6
3/31/05,21.5
4/1/05,21.5
4/4/05,21.3
4/5/05,21.6
4/6/05,21.75
4/7/05,21.8
4/8/05,22.05
4/11/05,22.25
4/12/05,22.1
4/13/05,22.1
4/14/05,21.8
4/15/05,21.65
4/18/05,21.5
4/19/05,21.56
4/20/05,21.35
4/21/05,21.65
4/22/05,21.7
4/25/05,21.8
4/26/05,21.8
4/27/05,21.55
4/28/05,21.45
4/29/05,21.8
5/2/05,21.8
5/3/05,21.7
5/4/05,22
5/5/05,22
5/6/05,21.9
5/9/05,21.75
5/10/05,21.64
5/11/05,21.6
5/12/05,21.55
5/13/05,21.75
5/16/05,21.8
5/17/05,21.7
5/18/05,21.75
5/19/05,21.9
5/20/05,21.8
5/23/05,21.8
5/24/05,22.05
5/25/05,21.8
5/26/05,21.9
5/27/05,21.95
5/30/05,22
5/31/05,21.75
6/1/05,21.7
6/2/05,21.75
6/3/05,21.65
6/6/05,21.79
6/7/05,21.94
6/8/05,21.8
6/9/05,22
6/10/05,21.8
6/13/05,21.89
6/14/05,21.85
6/15/05,21.67
6/16/05,21.7
6/17/05,21.95
6/20/05,21.85
6/21/05,21.7
6/22/05,22
6/23/05,21.75
6/24/05,21.68
6/27/05,21.55
6/28/05,21.47
6/29/05,21.55
6/30/05,21.6
7/1/05,21.6
7/4/05,21.5
7/5/05,21.64
7/6/05,21.52
7/7/05,21.25
7/8/05,21.06
7/11/05,21.25
7/12/05,21.4
7/13/05,21.3
7/14/05,21.45
7/15/05,21.59
7/18/05,21.6
7/19/05,21.4
7/20/05,21.65
7/21/05,21.75
7/22/05,21.6
7/25/05,21.78
7/26/05,21.7
7/27/05,21.95
7/28/05,22.3
7/29/05,21.95
8/1/05,21.95
8/2/05,22.15
8/3/05,22.5
8/4/05,22.2
8/5/05,22.25
8/8/05,22.28
8/9/05,22.4
8/10/05,22.64
8/11/05,22.5
8/12/05,22.46
8/15/05,22.45
8/16/05,22.49
8/17/05,22.4
8/18/05,22.3
8/19/05,22.5
8/22/05,22.41
8/23/05,22.2
8/24/05,22.15
8/25/05,22.1
8/26/05,22.15
8/29/05,21.85
8/30/05,21.7
8/31/05,21.95
9/1/05,22.25
9/2/05,22.5
9/5/05,22.5
9/6/05,22.7
9/7/05,22.55
9/8/05,22.5
9/9/05,22.45
9/12/05,22.7
9/13/05,22.44
9/14/05,22.31
9/15/05,22.25
9/16/05,22.36
9/19/05,22.2
9/20/05,22.29
9/21/05,22.18
9/22/05,22.05
9/23/05,21.95
9/26/05,22.25
9/27/05,22.49
9/28/05,22.5
9/29/05,22.55
9/30/05,22.4
10/3/05,22.45
10/4/05,22.5
10/5/05,22.4
10/6/05,22.46
10/7/05,22.19
10/10/05,22.19
10/11/05,22.4
10/12/05,22
10/13/05,22.15
10/14/05,22.2
10/17/05,22.1
10/18/05,21.9
10/19/05,21.45
10/20/05,21.5
10/21/05,21.7
10/24/05,21.85
10/25/05,21.9
10/26/05,21.84
10/27/05,21.79
10/28/05,21.75
10/31/05,22.29
11/1/05,22.3
11/2/05,22.55
11/3/05,22.55
11/4/05,22.3
11/7/05,22.63
11/8/05,22.62
11/9/05,22.55
11/10/05,22.45
11/11/05,22.75
11/14/05,22.7
11/15/05,22.4
11/16/05,22.38
11/17/05,22.57
11/18/05,22.69
11/21/05,23
11/22/05,23
11/23/05,23.2
11/24/05,22.97
11/25/05,23.09
11/28/05,22.85
11/29/05,22.85
11/30/05,22.9
12/1/05,23.1
12/2/05,23.39
12/5/05,23.45
12/6/05,23.4
12/7/05,23.35
12/8/05,23.18
12/9/05,23.25
12/12/05,23.4
12/13/05,23.44
12/14/05,23.25
12/15/05,23.1
12/16/05,23.21
12/19/05,23.4
12/20/05,23.4
12/21/05,23.75
12/22/05,23.68
12/23/05,23.9
12/26/05,23.9
12/27/05,23.9
12/28/05,23.9
12/29/05,23.89
12/30/05,23.85
1/2/06,23.85
1/3/06,24.05
1/4/06,24.29
1/5/06,24.2
1/6/06,24.17
1/9/06,24.4
1/10/06,24.2
1/11/06,24.3
1/12/06,24.3
1/13/06,24.25
1/16/06,24.4
1/17/06,23.86
1/18/06,23.68
1/19/06,23.99
1/20/06,23.6
1/23/06,23.65
1/24/06,23.8
1/25/06,23.94
1/26/06,24.25
1/27/06,24.52
1/30/06,24.8
1/31/06,24.7
2/1/06,24.85
2/2/06,24.6
2/3/06,24.65
2/6/06,24.7
2/7/06,24.5
2/8/06,24.6
2/9/06,24.68
2/10/06,24.65
2/13/06,24.42
2/14/06,24.75
2/15/06,24.49
2/16/06,24.75
2/17/06,24.65
2/20/06,24.75
2/21/06,24.75
2/22/06,24.9
2/23/06,24.8
2/24/06,25
2/27/06,25.14
2/28/06,24.85
3/1/06,25.15
3/2/06,24.9
3/3/06,24.9
3/6/06,24.8
3/7/06,24.7
3/8/06,24.65
3/9/06,24.75
3/10/06,25.1
3/13/06,25.25
3/14/06,25.33
3/15/06,25.35
3/16/06,25.3
3/17/06,25.4
3/20/06,25.55
3/21/06,25.4
3/22/06,25.7
3/23/06,25.5
3/24/06,25.7
3/27/06,25.6
3/28/06,25.3
3/29/06,25.75
3/30/06,25.8
3/31/06,25.75
4/3/06,26
4/4/06,26.05
4/5/06,26.1
4/6/06,26.15
4/7/06,26.05
4/10/06,26.15
4/11/06,25.8
4/12/06,25.75
4/13/06,25.75
4/14/06,25.75
4/17/06,25.61
4/18/06,26.1
4/19/06,26.15
4/20/06,26.25
4/21/06,26.3
4/24/06,26.15
4/25/06,26.1
4/26/06,26.1
4/27/06,26.14
4/28/06,25.95
5/1/06,25.95
5/2/06,26.15
5/3/06,26.05
5/4/06,26.15
5/5/06,26.4
5/8/06,26.4
5/9/06,26.45
5/10/06,26.25
5/11/06,25.9
5/12/06,25.45
5/15/06,25.45
5/16/06,25.25
5/17/06,24.55
5/18/06,24.45
5/19/06,24.7
5/22/06,24.7
5/23/06,24.2
5/24/06,24.24
5/25/06,24.5
5/26/06,24.85
5/29/06,24.9
5/30/06,24.25
5/31/06,24.5
6/1/06,24.75
6/2/06,24.8
6/5/06,24.31
6/6/06,24.25
6/7/06,24
6/8/06,23.55
6/9/06,23.6
6/12/06,23.3
6/13/06,22.8
6/14/06,22.95
6/15/06,23.8
6/16/06,23.66
6/19/06,23.59
6/20/06,23.55
6/21/06,23.93
6/22/06,23.93
6/23/06,23.95
6/26/06,23.95
6/27/06,23.63
6/28/06,23.94
6/29/06,24.72
6/30/06,24.79
7/3/06,24.79
7/4/06,24.95
7/5/06,24.6
7/6/06,24.74
7/7/06,24.57
7/10/06,24.75
7/11/06,24.84
7/12/06,24.35
7/13/06,23.95
7/14/06,23.85
7/17/06,23.7
7/18/06,23.6
7/19/06,24.2
7/20/06,23.92
7/21/06,23.85
7/24/06,24.3
7/25/06,24.57
7/26/06,24.49
7/27/06,24.55
7/28/06,24.85
7/31/06,24.85
8/1/06,24.64
8/2/06,24.87
8/3/06,24.81
8/4/06,24.57
8/7/06,24.57
8/8/06,24.49
8/9/06,24.69
8/10/06,24.79
8/11/06,24.73
8/14/06,24.78
8/15/06,25.28
8/16/06,25.33
8/17/06,25.42
8/18/06,25.52
8/21/06,25.36
8/22/06,25.4
8/23/06,25.35
8/24/06,25.3
8/25/06,25.37
8/28/06,25.39
8/29/06,25.44
8/30/06,25.52
8/31/06,25.55
9/1/06,25.7
9/4/06,25.7
9/5/06,25.79
9/6/06,25.44
9/7/06,25.15
9/8/06,25.36
9/11/06,25.25
9/12/06,25.5
9/13/06,25.48
9/14/06,25.42
9/15/06,25.44
9/18/06,25.52
9/19/06,25.3
9/20/06,25.55
9/21/06,25.27
9/22/06,25.18
9/25/06,25.4
9/26/06,25.56
9/27/06,25.78
9/28/06,25.9
9/29/06,25.91
10/2/06,25.87
10/3/06,25.89
10/4/06,26.15
10/5/06,26.18
10/6/06,26.22
10/9/06,26.22
10/10/06,26.41
10/11/06,26.41
10/12/06,26.6
10/13/06,26.75
10/16/06,26.75
10/17/06,26.51
10/18/06,26.57
10/19/06,26.55
10/20/06,26.62
10/23/06,26.8
10/24/06,26.87
10/25/06,27
10/26/06,27.03
10/27/06,26.7
10/30/06,26.66
10/31/06,26.61
11/1/06,26.5
11/2/06,26.61
11/3/06,26.7
11/6/06,27.08
11/7/06,26.99
11/8/06,27.03
11/9/06,26.84
11/10/06,26.88
11/13/06,26.86
11/14/06,27.08
11/15/06,27.14
11/16/06,27.14
11/17/06,26.94
11/20/06,26.77
11/21/06,26.86
11/22/06,26.88
11/23/06,26.93
11/24/06,26.52
11/27/06,26.24
11/28/06,26.34
11/29/06,26.75
11/30/06,26.55
12/1/06,26.46
12/4/06,26.57
12/5/06,26.8
12/6/06,26.85
12/7/06,26.93
12/8/06,27.04
12/11/06,27.19
12/12/06,27.1
12/13/06,27.38
12/14/06,27.62
12/15/06,27.6
12/18/06,27.61
12/19/06,27.5
12/20/06,27.57
12/21/06,27.48
12/22/06,27
12/25/06,27
12/26/06,27
12/27/06,27.29
12/28/06,27.29
12/29/06,27.28
1/1/07,27.28
1/2/07,27.6
1/3/07,27.48
1/4/07,27.48
1/5/07,27.2
1/8/07,27.16
1/9/07,27.25
1/10/07,27.1
1/11/07,27.35
1/12/07,27.55
1/15/07,27.88
1/16/07,27.51
1/17/07,27.48
1/18/07,27.43
1/19/07,27.74
1/22/07,27.61
1/23/07,27.75
1/24/07,28.05
1/25/07,27.66
1/26/07,27.76
1/29/07,27.81
1/30/07,27.92
1/31/07,27.9
2/1/07,28.14
2/2/07,28.12
2/5/07,28.08
2/6/07,28.22
2/7/07,28.29
2/8/07,28.22
2/9/07,28.21
2/12/07,28.15
2/13/07,28.39
2/14/07,28.61
2/15/07,28.55
2/16/07,28.56
2/19/07,28.68
2/20/07,28.68
2/21/07,28.55
2/22/07,28.7
2/23/07,28.7
2/26/07,28.75
2/27/07,27.42
2/28/07,27.57
3/1/07,27.29
3/2/07,26.94
3/5/07,26.54
3/6/07,27.28
3/7/07,27.19
3/8/07,27.6
3/9/07,27.75
3/12/07,27.7
3/13/07,26.97
3/14/07,26.96
3/15/07,27.23
3/16/07,27.08
3/19/07,27.52
3/20/07,27.72
3/21/07,28.15
3/22/07,28.2
3/23/07,28.36
3/26/07,28.3
3/27/07,28.07
3/28/07,27.89
3/29/07,28.19
3/30/07,28.07
4/2/07,28.18
4/3/07,28.53
4/4/07,28.5
4/5/07,28.67
4/6/07,28.67
4/9/07,28.74
4/10/07,28.89
4/11/07,28.6
4/12/07,28.84
4/13/07,28.83
4/16/07,29.13
4/17/07,28.99
4/18/07,28.94
4/19/07,28.69
4/20/07,29.11
4/23/07,28.98
4/24/07,28.82
4/25/07,29.12
4/26/07,29.07
4/27/07,28.9
4/30/07,28.75
5/1/07,28.91
5/2/07,29.19
5/3/07,29.28
5/4/07,29.4
5/7/07,29.53
5/8/07,29.33
5/9/07,29.51
5/10/07,28.97
5/11/07,29.46
5/14/07,29.3
5/15/07,29.32
5/16/07,29.5
5/17/07,29.47
5/18/07,29.67
5/21/07,29.67
5/22/07,29.66
5/23/07,29.71
5/24/07,29.4
5/25/07,29.51
5/28/07,29.7
5/29/07,29.67
5/30/07,29.82
5/31/07,29.91
6/1/07,30.1
6/4/07,30.09
6/5/07,29.87
6/6/07,29.45
6/7/07,29.08
6/8/07,29.54
6/11/07,29.47
6/12/07,29.17
6/13/07,29.55
6/14/07,29.75
6/15/07,30.12
6/18/07,30.03
6/19/07,30.1
6/20/07,29.69
6/21/07,30
6/22/07,29.47
6/25/07,29.49
6/26/07,29.39
6/27/07,29.54
6/28/07,29.6
6/29/07,29.65
7/2/07,29.65
7/3/07,30.12
7/4/07,30.18
7/5/07,29.98
7/6/07,30.15
7/9/07,30.23
7/10/07,29.6
7/11/07,29.86
7/12/07,30.36
7/13/07,30.28
7/16/07,30.14
7/17/07,30.04
7/18/07,29.79
7/19/07,30.1
7/20/07,29.67
7/23/07,29.75
7/24/07,29.14
7/25/07,29.41
7/26/07,28.36
7/27/07,28.09
7/30/07,28.57
7/31/07,28.51
8/1/07,28.59
8/2/07,28.49
8/3/07,27.78
8/6/07,27.78
8/7/07,28.54
8/8/07,28.81
8/9/07,28.13
8/10/07,27.72
8/13/07,27.88
8/14/07,27.67
8/15/07,27.11
8/16/07,26.71
8/17/07,27.14
8/20/07,27.29
8/21/07,27.28
8/22/07,27.86
8/23/07,27.93
8/24/07,28.28
8/27/07,28
8/28/07,27.22
8/29/07,28.06
8/30/07,27.87
8/31/07,28.41
9/3/07,28.41
9/4/07,28.64
9/5/07,28
9/6/07,28.22
9/7/07,27.54
9/10/07,27.49
9/11/07,27.89
9/12/07,27.88
9/13/07,28.11
9/14/07,28
9/17/07,27.66
9/18/07,28.46
9/19/07,28.65
9/20/07,28.45
9/21/07,28.69
9/24/07,28.58
9/25/07,28.55
9/26/07,28.7
9/27/07,29.09
9/28/07,28.89
10/1/07,29.39
10/2/07,29.38
10/3/07,29.4
10/4/07,29.4
10/5/07,29.69
10/8/07,29.69
10/9/07,29.79
10/10/07,29.7
10/11/07,29.82
10/12/07,29.85
10/15/07,29.53
10/16/07,29.29
10/17/07,29.53
10/18/07,29.42
10/19/07,28.73
10/22/07,28.76
10/23/07,29.1
10/24/07,29.01
10/25/07,29.05
10/26/07,29.52
10/29/07,29.7
10/30/07,29.42
10/31/07,29.73
11/1/07,29.08
11/2/07,29.17
11/5/07,28.86
11/6/07,29.12
11/7/07,28.35
11/8/07,28.51
11/9/07,27.8
11/12/07,27.6
11/13/07,28.25
11/14/07,28.1
11/15/07,27.72
11/16/07,27.76
11/19/07,27
11/20/07,27.33
11/21/07,26.66
11/22/07,26.62
11/23/07,27.2
11/26/07,26.81
11/27/07,27.32
11/28/07,28.05
11/29/07,28.12
11/30/07,28.38
12/3/07,28.19
12/4/07,27.87
12/5/07,28.56
12/6/07,28.88
12/7/07,28.74
12/10/07,28.9
12/11/07,28.22
12/12/07,28.62
12/13/07,28.34
12/14/07,27.82
12/17/07,27.25
12/18/07,27.53
12/19/07,27.47
12/20/07,27.68
12/21/07,28.2
12/24/07,27.63
12/25/07,27.63
12/26/07,27.63
12/27/07,27.21
12/28/07,27.39
12/31/07,27.28
1/1/08,27.28
1/2/08,26.89
1/3/08,26.89
1/4/08,26.2
1/7/08,26.3
1/8/08,26.14
1/9/08,26.48
1/10/08,26.28
1/11/08,25.71
1/14/08,25.91
1/15/08,25.08
1/16/08,24.68
1/17/08,24.2
1/18/08,24.44
1/21/08,23.25
1/22/08,23.75
1/23/08,23.6
1/24/08,24.17
1/25/08,24
1/28/08,24.27
1/29/08,24.35
1/30/08,24.18
1/31/08,24.4
2/1/08,24.92
2/4/08,24.67
2/5/08,23.7
2/6/08,23.58
2/7/08,23.71
2/8/08,23.45
2/11/08,23.46
2/12/08,23.89
2/13/08,24.25
2/14/08,23.96
2/15/08,23.99
2/18/08,23.99
2/19/08,24.23
2/20/08,24.16
2/21/08,23.92
2/22/08,24.14
2/25/08,24.61
2/26/08,24.8
2/27/08,24.65
2/28/08,24.35
2/29/08,23.7
3/3/08,23.7
3/4/08,23.34
3/5/08,23.55
3/6/08,23.05
3/7/08,22.87
3/10/08,22.54
3/11/08,23.36
3/12/08,23.05
3/13/08,23.15
3/14/08,22.41
3/17/08,21.92
3/18/08,22.69
3/19/08,22.12
3/20/08,22.43
3/21/08,22.43
3/24/08,23
3/25/08,23.16
3/26/08,22.94
3/27/08,22.94
3/28/08,23
3/31/08,23.17
4/1/08,24.07
4/2/08,24.15
4/3/08,24.12
4/4/08,24.16
4/7/08,24.38
4/8/08,24.2
4/9/08,23.87
4/10/08,23.66
4/11/08,23.35
4/14/08,23.41
4/15/08,23.69
4/16/08,24.23
4/17/08,23.9
4/18/08,24.42
4/21/08,24.4
4/22/08,24.02
4/23/08,24.27
4/24/08,24.5
4/25/08,24.63
4/28/08,24.7
4/29/08,24.66
4/30/08,24.61
5/1/08,24.97
5/2/08,25.17
5/5/08,25.13
5/6/08,25.23
5/7/08,24.9
5/8/08,25.06
5/9/08,24.8
5/12/08,25.08
5/13/08,25.09
5/14/08,25.19
5/15/08,25.52
5/16/08,25.57
5/19/08,25.57
5/20/08,25.18
5/21/08,24.77
5/22/08,25.12
5/23/08,24.66
5/26/08,24.54
5/27/08,24.8
5/28/08,24.79
5/29/08,24.94
5/30/08,25.08
6/2/08,24.69
6/3/08,24.78
6/4/08,24.72
6/5/08,24.96
6/6/08,24.13
6/9/08,24.29
6/10/08,24.06
6/11/08,23.64
6/12/08,23.71
6/13/08,23.95
6/16/08,23.99
6/17/08,24
6/18/08,23.78
6/19/08,23.72
6/20/08,23.16
6/23/08,23.16
6/24/08,23.1
6/25/08,22.84
6/26/08,22.16
6/27/08,22.09
6/30/08,22.24
7/1/08,22.24
7/2/08,21.46
7/3/08,21.77
7/4/08,21.83
7/7/08,21.66
7/8/08,21.85
7/9/08,21.55
7/10/08,21.61
7/11/08,21.15
7/14/08,21.1
7/15/08,20.59
7/16/08,21.12
7/17/08,21.5
7/18/08,21.67
7/21/08,21.74
7/22/08,21.88
7/23/08,22.09
7/24/08,21.75
7/25/08,21.73
7/28/08,21.36
7/29/08,21.75
7/30/08,21.9
7/31/08,21.7
8/1/08,21.45
8/4/08,21.45
8/5/08,21.91
8/6/08,22.01
8/7/08,21.63
8/8/08,22.07
8/11/08,22.18
8/12/08,22.02
8/13/08,21.68
8/14/08,21.77
8/15/08,21.79
8/18/08,21.52
8/19/08,21.2
8/20/08,21.43
8/21/08,21.33
8/22/08,21.61
8/25/08,21.25
8/26/08,21.56
8/27/08,21.7
8/28/08,21.97
8/29/08,21.88
9/1/08,21.88
9/2/08,21.8
9/3/08,21.75
9/4/08,20.92
9/5/08,20.96
9/8/08,21.4
9/9/08,20.85
9/10/08,21.08
9/11/08,20.88
9/12/08,21.12
9/15/08,20.16
9/16/08,20.16
9/17/08,19.16
9/18/08,20.09
9/19/08,21.24
9/22/08,20.2
9/23/08,20.01
9/24/08,20.24
9/25/08,20.65
9/26/08,20.59
9/29/08,18.51
9/30/08,19.89
10/1/08,19.77
10/2/08,19.12
10/3/08,18.94
10/6/08,17.9
10/7/08,17.19
10/8/08,16.68
10/9/08,15.79
10/10/08,15.25
10/13/08,15.25
10/14/08,16.93
10/15/08,15.4
10/16/08,15.95
10/17/08,15.92
10/20/08,16.92
10/21/08,16.24
10/22/08,15.09
10/23/08,14.97
10/24/08,14.4
10/27/08,13.48
10/28/08,15.14
10/29/08,15.2
10/30/08,16.1
10/31/08,16.2
11/3/08,16.45
11/4/08,17.31
11/5/08,16.37
11/6/08,15.44
11/7/08,16.39
11/10/08,16.12
11/11/08,15.82
11/12/08,15.7
11/13/08,16.22
11/14/08,15.33
11/17/08,15.01
11/18/08,15.1
11/19/08,14.13
11/20/08,13.42
11/21/08,14.29
11/24/08,15.02
11/25/08,15.03
11/26/08,15.27
11/27/08,15.4
11/28/08,16.15
12/1/08,14.25
12/2/08,14.89
12/3/08,14.93
12/4/08,14.51
12/5/08,14.79
12/8/08,15.26
12/9/08,15.23
12/10/08,15.61
12/11/08,15.31
12/12/08,15.49
12/15/08,15.11
12/16/08,15.73
12/17/08,15.39
12/18/08,15.18
12/19/08,15.02
12/22/08,14.84
12/23/08,14.94
12/24/08,14.86
12/25/08,14.86
12/26/08,14.86
12/29/08,14.98
12/30/08,15.44
12/31/08,15.69
1/1/09,15.69
1/2/09,16
1/5/09,15.85
1/6/09,16.03
1/7/09,15.55
1/8/09,15.61
1/9/09,15.22
1/12/09,14.94
1/13/09,14.93
1/14/09,14.32
1/15/09,14.48
1/16/09,14.43
1/19/09,14.41
1/20/09,13.68
1/21/09,14.34
1/22/09,13.99
1/23/09,13.97
1/26/09,13.91
1/27/09,14.25
1/28/09,14.82
1/29/09,14.12
1/30/09,14.18
2/2/09,14.04
2/3/09,14.21
2/4/09,14.2
2/5/09,14.52
2/6/09,14.68
2/9/09,14.67
2/10/09,14.1
2/11/09,14.12
2/12/09,14.18
2/13/09,14
2/16/09,14
2/17/09,13.54
2/18/09,13.54
2/19/09,13.47
2/20/09,13.16
2/23/09,12.75
2/24/09,13.37
2/25/09,13.1
2/26/09,13.03
2/27/09,13.13
3/2/09,12.39
3/3/09,12.31
3/4/09,12.84
3/5/09,12.37
3/6/09,12.21
3/9/09,11.98
3/10/09,12.78
3/11/09,12.7
3/12/09,12.92
3/13/09,13.03
3/16/09,13.21
3/17/09,13.53
3/18/09,13.57
3/19/09,13.33
3/20/09,13.31
3/23/09,14.18
3/24/09,13.87
3/25/09,14.05
3/26/09,14.32
3/27/09,14
3/30/09,13.48
3/31/09,13.84
4/1/09,14.13
4/2/09,14.62
4/3/09,14.68
4/6/09,14.52
4/7/09,14.19
4/8/09,14.29
4/9/09,14.77
4/10/09,14.77
4/13/09,14.76
4/14/09,14.58
4/15/09,14.83
4/16/09,14.92
4/17/09,15.01
4/20/09,14.45
4/21/09,14.77
4/22/09,14.68
4/23/09,14.85
4/24/09,15.02
4/27/09,14.92
4/28/09,14.71
4/29/09,15.06
4/30/09,15.2
5/1/09,15.28
5/4/09,15.74
5/5/09,15.69
5/6/09,15.91
5/7/09,15.77
5/8/09,16.17
5/11/09,15.77
5/12/09,15.82
5/13/09,15.38
5/14/09,15.49
5/15/09,15.47
5/18/09,15.47
5/19/09,15.97
5/20/09,15.85
5/21/09,15.7
5/22/09,15.65
5/25/09,15.85
5/26/09,15.95
5/27/09,15.75
5/28/09,16
5/29/09,16
6/1/09,16.32
6/2/09,16.36
6/3/09,16.17
6/4/09,16.24
6/5/09,16.31
6/8/09,16.19
6/9/09,16.21
6/10/09,16.34
6/11/09,16.44
6/12/09,16.46
6/15/09,16.04
6/16/09,15.78
6/17/09,15.7
6/18/09,15.8
6/19/09,15.92
6/22/09,15.54
6/23/09,15.47
6/24/09,15.56
6/25/09,15.58
6/26/09,15.56
6/29/09,15.64
6/30/09,15.52
7/1/09,15.52
7/2/09,15.38
7/3/09,15.46
7/6/09,15.39
7/7/09,15.01
7/8/09,14.94
7/9/09,14.97
7/10/09,14.86
7/13/09,15.16
7/14/09,15.25
7/15/09,15.67
7/16/09,15.7
7/17/09,15.69
7/20/09,15.9
7/21/09,16
7/22/09,16.01
7/23/09,16.38
7/24/09,16.41
7/27/09,16.42
7/28/09,16.44
7/29/09,16.43
7/30/09,16.62
7/31/09,16.71
8/3/09,16.71
8/4/09,16.9
8/5/09,16.81
8/6/09,16.84
8/7/09,17.07
8/10/09,16.94
8/11/09,16.86
8/12/09,16.94
8/13/09,17.11
8/14/09,17.05
8/17/09,16.65
8/18/09,16.82
8/19/09,16.85
8/20/09,17.03
8/21/09,17.34
8/24/09,17.28
8/25/09,17.55
8/26/09,17.46
8/27/09,17.56
8/28/09,17.53
8/31/09,17.37
9/1/09,17.1
9/2/09,16.95
9/3/09,17.13
9/4/09,17.32
9/7/09,17.32
9/8/09,17.49
9/9/09,17.68
9/10/09,17.76
9/11/09,17.63
9/14/09,17.75
9/15/09,17.77
9/16/09,18
9/17/09,17.96
9/18/09,18.07
9/21/09,17.96
9/22/09,18
9/23/09,17.85
9/24/09,17.78
9/25/09,17.6
9/28/09,17.91
9/29/09,17.87
9/30/09,17.72
10/1/09,17.37
10/2/09,17.2
10/5/09,17.35
10/6/09,17.56
10/7/09,17.63
10/8/09,17.78
10/9/09,17.82
10/12/09,17.82
10/13/09,17.89
10/14/09,18.2
10/15/09,18.22
10/16/09,18.01
10/19/09,18.19
10/20/09,18.05
10/21/09,17.98
10/22/09,18.09
10/23/09,17.93
10/26/09,17.79
10/27/09,17.65
10/28/09,17.25
10/29/09,17.7
10/30/09,17.18
11/2/09,17.31
11/3/09,17.29
11/4/09,17.32
11/5/09,17.56
11/6/09,17.55
11/9/09,17.9
11/10/09,17.82
11/11/09,17.9
11/12/09,17.75
11/13/09,17.85
11/16/09,18.06
11/17/09,18.02
11/18/09,17.96
11/19/09,17.67
11/20/09,17.64
11/23/09,17.84
11/24/09,17.76
11/25/09,17.8
11/26/09,17.54
11/27/09,17.52
11/30/09,17.48
12/1/09,17.85
12/2/09,17.89
12/3/09,17.9
12/4/09,18.16
12/7/09,18.03
12/8/09,17.77
12/9/09,17.72
12/10/09,17.76
12/11/09,17.86
12/14/09,17.96
12/15/09,17.88
12/16/09,18.1
12/17/09,17.85
12/18/09,17.86
12/21/09,18.07
12/22/09,18.21
12/23/09,18.32
12/24/09,18.02
12/25/09,18.02
12/28/09,18.02
12/29/09,18.19
12/30/09,18.07
12/31/09,17.91
1/1/10,17.91
1/4/10,18.32
1/5/10,18.39
1/6/10,18.38
1/7/10,18.42
1/8/10,18.46
1/11/10,18.53
1/12/10,18.33
1/13/10,18.39
1/14/10,18.48
1/15/10,18.3
1/18/10,18.33
1/19/10,18.53
1/20/10,18.21
1/21/10,17.84
1/22/10,17.46
1/25/10,17.66
1/26/10,17.59
1/27/10,17.63
1/28/10,17.37
1/29/10,17.25
2/1/10,17.5
2/2/10,17.74
2/3/10,17.68
2/4/10,17.01
2/5/10,16.94
2/8/10,16.7
2/9/10,17.14
2/10/10,17.12
2/11/10,17.25
2/12/10,17.03
2/15/10,17.03
2/16/10,17.4
2/17/10,17.52
2/18/10,17.63
2/19/10,17.59
2/22/10,17.62
2/23/10,17.39
2/24/10,17.49
2/25/10,17.39
2/26/10,17.46
3/1/10,17.69
3/2/10,17.73
3/3/10,17.88
3/4/10,17.92
3/5/10,18.23
3/8/10,18.28
3/9/10,18.27
3/10/10,18.29
3/11/10,18.36
3/12/10,18.38
3/15/10,18.32
3/16/10,18.43
3/17/10,18.52
3/18/10,18.49
3/19/10,18.26
3/22/10,18.42
3/23/10,18.61
3/24/10,18.49
3/25/10,18.55
3/26/10,18.63
3/29/10,18.71
3/30/10,18.77
3/31/10,18.65
4/1/10,18.97
4/2/10,18.97
4/5/10,19.07
4/6/10,19
4/7/10,18.86
4/8/10,18.86
4/9/10,19
4/12/10,19
4/13/10,18.99
4/14/10,19.17
4/15/10,19.18
4/16/10,18.84
4/19/10,18.77
4/20/10,18.96
4/21/10,18.86
4/22/10,18.75
4/23/10,18.85
4/26/10,18.85
4/27/10,18.11
4/28/10,18.27
4/29/10,18.47
4/30/10,18.23
5/3/10,18.5
5/4/10,17.93
5/5/10,17.65
5/6/10,16.9
5/7/10,16.88
5/10/10,17.95
5/11/10,17.68
5/12/10,17.96
5/13/10,17.87
5/14/10,17.49
5/17/10,17.55
5/18/10,17.34
5/19/10,17.31
5/20/10,16.88
5/21/10,16.83
5/24/10,16.83
5/25/10,16.55
5/26/10,16.42
5/27/10,17.27
5/28/10,17.06
5/31/10,17
6/1/10,16.84
6/2/10,17.26
6/3/10,17.26
6/4/10,16.69
6/7/10,16.59
6/8/10,16.78
6/9/10,16.57
6/10/10,17.11
6/11/10,17.28
6/14/10,17.18
6/15/10,17.62
6/16/10,17.61
6/17/10,17.59
6/18/10,17.57
6/21/10,17.53
6/22/10,17.3
6/23/10,17.34
6/24/10,17.07
6/25/10,16.77
6/28/10,16.7
6/29/10,16.17
6/30/10,16.1
7/1/10,16.1
7/2/10,16.1
7/5/10,15.89
7/6/10,16.3
7/7/10,16.77
7/8/10,16.87
7/9/10,16.96
7/12/10,16.91
7/13/10,17.11
7/14/10,17.16
7/15/10,17.04
7/16/10,16.57
7/19/10,16.68
7/20/10,16.78
7/21/10,16.58
7/22/10,16.98
7/23/10,17.16
7/26/10,17.21
7/27/10,17.29
7/28/10,17.21
7/29/10,17.2
7/30/10,17.14
8/2/10,17.14
8/3/10,17.44
8/4/10,17.56
8/5/10,17.49
8/6/10,17.48
8/9/10,17.57
8/10/10,17.42
8/11/10,16.82
8/12/10,16.91
8/13/10,16.91
8/16/10,16.88
8/17/10,17.07
8/18/10,17.12
8/19/10,16.84
8/20/10,16.76
8/23/10,16.72
8/24/10,16.45
8/25/10,16.47
8/26/10,16.37
8/27/10,16.75
8/30/10,16.55
8/31/10,16.59
9/1/10,17.06
9/2/10,17.14
9/3/10,17.26
9/6/10,17.26
9/7/10,17.11
9/8/10,17.15
9/9/10,17.35
9/10/10,17.4
9/13/10,17.59
9/14/10,17.52
9/15/10,17.68
9/16/10,17.56
9/17/10,17.48
9/20/10,17.79
9/21/10,17.6
9/22/10,17.49
9/23/10,17.32
9/24/10,17.72
9/27/10,17.61
9/28/10,17.64
9/29/10,17.6
9/30/10,17.44
10/1/10,17.48
10/4/10,17.34
10/5/10,17.72
10/6/10,17.73
10/7/10,17.75
10/8/10,17.73
10/11/10,17.73
10/12/10,17.74
10/13/10,17.84
10/14/10,17.86
10/15/10,17.88
10/18/10,17.93
10/19/10,17.77
10/20/10,17.93
10/21/10,17.93
10/22/10,17.94
10/25/10,17.92
10/26/10,17.92
10/27/10,17.85
10/28/10,17.79
10/29/10,17.78
11/1/10,17.73
11/2/10,17.9
11/3/10,17.94
11/4/10,18.21
11/5/10,18.24
11/8/10,18.28
11/9/10,18.2
11/10/10,18.27
11/11/10,18.2
11/12/10,18.04
11/15/10,18.17
11/16/10,17.83
11/17/10,17.91
11/18/10,18.24
11/19/10,18.28
11/22/10,18.1
11/23/10,17.73
11/24/10,18.02
11/25/10,17.95
11/26/10,17.86
11/29/10,17.79
11/30/10,17.67
12/1/10,18.04
12/2/10,18.34
12/3/10,18.25
12/6/10,18.22
12/7/10,18.31
12/8/10,18.38
12/9/10,18.45
12/10/10,18.45
12/13/10,18.55
12/14/10,18.55
12/15/10,18.5
12/16/10,18.54
12/17/10,18.5
12/20/10,18.58
12/21/10,18.75
12/22/10,18.72
12/23/10,18.72
12/24/10,18.68
12/27/10,18.68
12/28/10,18.68
12/29/10,18.55
12/30/10,18.42
12/31/10,18.43
1/3/11,18.43
1/4/11,18.6
1/5/11,18.67
1/6/11,18.61
1/7/11,18.56
1/10/11,18.46
1/11/11,18.61
1/12/11,18.83
1/13/11,18.77
1/14/11,18.88
1/17/11,18.8
1/18/11,18.95
1/19/11,18.73
1/20/11,18.69
1/21/11,18.7
1/24/11,18.78
1/25/11,18.8
1/26/11,18.88
1/27/11,18.95
1/28/11,18.54
1/31/11,18.63
2/1/11,18.87
2/2/11,18.88
2/3/11,18.99
2/4/11,19.06
2/7/11,19.14
2/8/11,19.23
2/9/11,19.15
2/10/11,19.15
2/11/11,19.28
2/14/11,19.28
2/15/11,19.22
2/16/11,19.4
2/17/11,19.38
2/18/11,19.34
2/21/11,19.34
2/22/11,18.87
2/23/11,18.82
2/24/11,18.76
2/25/11,18.99
2/28/11,19.12
3/1/11,18.87
3/2/11,18.86
3/3/11,19.15
3/4/11,18.97
3/7/11,18.79
3/8/11,18.94
3/9/11,18.92
3/10/11,18.57
3/11/11,18.45
3/14/11,17.99
3/15/11,17.66
3/16/11,17.11
3/17/11,17.49
3/18/11,17.76
3/21/11,18.14
3/22/11,18.09
3/23/11,18.17
3/24/11,18.39
3/25/11,18.33
3/28/11,18.32
3/29/11,18.45
3/30/11,18.64
3/31/11,18.56
4/1/11,18.73
4/4/11,18.76
4/5/11,18.69
4/6/11,18.8
4/7/11,18.68
4/8/11,18.75
4/11/11,18.7
4/12/11,18.49
4/13/11,18.55
4/14/11,18.55
4/15/11,18.51
4/18/11,18.28
4/19/11,18.33
4/20/11,18.61
4/21/11,18.64
4/22/11,18.64
4/25/11,18.65
4/26/11,18.75
4/27/11,18.88
4/28/11,18.93
4/29/11,18.92
5/2/11,18.91
5/3/11,18.84
5/4/11,18.67
5/5/11,18.51
5/6/11,18.59
5/9/11,18.68
5/10/11,18.89
5/11/11,18.63
5/12/11,18.68
5/13/11,18.51
5/16/11,18.4
5/17/11,18.46
5/18/11,18.61
5/19/11,18.6
5/20/11,18.4
5/23/11,18.4
5/24/11,18.17
5/25/11,18.27
5/26/11,18.34
5/27/11,18.32
5/30/11,18.3
5/31/11,18.65
6/1/11,18.27
6/2/11,18.29
6/3/11,18.16
6/6/11,17.99
6/7/11,18.02
6/8/11,17.87
6/9/11,18.13
6/10/11,17.85
6/13/11,17.77
6/14/11,18.08
6/15/11,17.78
6/16/11,17.68
6/17/11,17.69
6/20/11,17.7
6/21/11,17.99
6/22/11,17.86
6/23/11,17.8
6/24/11,17.39
6/27/11,17.54
6/28/11,17.67
6/29/11,17.87
6/30/11,18.13
7/1/11,18.13
7/4/11,18.2
7/5/11,18.23
7/6/11,18.18
7/7/11,18.34
7/8/11,18.12
7/11/11,17.75
7/12/11,17.59
7/13/11,17.68
7/14/11,17.53
7/15/11,17.58
7/18/11,17.39
7/19/11,17.6
7/20/11,17.7
7/21/11,17.92
7/22/11,17.97
7/25/11,17.84
7/26/11,17.77
7/27/11,17.44
7/28/11,17.42
7/29/11,17.48
8/1/11,17.48
8/2/11,16.77
8/3/11,16.77
8/4/11,15.86
8/5/11,15.99
8/8/11,14.8
8/9/11,15.52
8/10/11,14.82
8/11/11,15.47
8/12/11,15.68
8/15/11,15.96
8/16/11,15.73
8/17/11,15.75
8/18/11,15.07
8/19/11,14.75
8/22/11,14.9
8/23/11,15.33
8/24/11,15.41
8/25/11,15.08
8/26/11,15.26
8/29/11,15.63
8/30/11,15.57
8/31/11,15.89
9/1/11,15.74
9/2/11,15.39
9/5/11,15.39
9/6/11,15.14
9/7/11,15.52
9/8/11,15.37
9/9/11,14.99
9/12/11,14.89
9/13/11,15.07
9/14/11,15.31
9/15/11,15.53
9/16/11,15.54
9/19/11,15.25
9/20/11,15.3
9/21/11,15
9/22/11,14.61
9/23/11,14.73
9/26/11,14.98
9/27/11,15.3
9/28/11,15.09
9/29/11,15.33
9/30/11,14.78
10/3/11,14.69
10/4/11,14.86
10/5/11,15.07
10/6/11,15.38
10/7/11,15.35
10/10/11,15.35
10/11/11,15.68
10/12/11,15.84
10/13/11,15.82
10/14/11,15.92
10/17/11,15.67
10/18/11,15.86
10/19/11,15.6
10/20/11,15.56
10/21/11,15.81
10/24/11,16.01
10/25/11,15.76
10/26/11,15.95
10/27/11,16.6
10/28/11,16.52
10/31/11,15.93
11/1/11,15.63
11/2/11,15.71
11/3/11,16
11/4/11,15.89
11/7/11,15.94
11/8/11,16.08
11/9/11,15.48
11/10/11,15.63
11/11/11,15.86
11/14/11,15.7
11/15/11,15.73
11/16/11,15.45
11/17/11,15.32
11/18/11,15.34
11/21/11,15.01
11/22/11,14.96
11/23/11,14.69
11/24/11,14.68
11/25/11,14.61
11/28/11,15.19
11/29/11,15.31
11/30/11,15.91
12/1/11,15.77
12/2/11,15.86
12/5/11,16
12/6/11,15.98
12/7/11,16.01
12/8/11,15.58
12/9/11,15.94
12/12/11,15.62
12/13/11,15.5
12/14/11,15.39
12/15/11,15.43
12/16/11,15.32
12/19/11,15.21
12/20/11,15.6
12/21/11,15.57
12/22/11,15.65
12/23/11,15.64
12/26/11,15.64
12/27/11,15.64
12/28/11,15.43
12/29/11,15.68
12/30/11,15.65
1/2/12,15.65
1/3/12,15.95
1/4/12,15.93
1/5/12,15.85
1/6/12,15.66
1/9/12,15.69
1/10/12,15.87
1/11/12,15.91
1/12/12,15.89
1/13/12,15.78
1/16/12,15.78
1/17/12,15.95
1/18/12,16.11
1/19/12,16.24
1/20/12,16.32
1/23/12,16.32
1/24/12,16.27
1/25/12,16.36
1/26/12,16.38
1/27/12,16.29
1/30/12,16.11
1/31/12,16.23
2/1/12,16.4
2/2/12,16.46
2/3/12,16.7
2/6/12,16.66
2/7/12,16.65
2/8/12,16.75
2/9/12,16.83
2/10/12,16.57
2/13/12,16.73
2/14/12,16.72
2/15/12,16.75
2/16/12,16.92
2/17/12,17.01
2/20/12,17.01
2/21/12,17.01
2/22/12,17.03
2/23/12,17.04
2/24/12,17.1
2/27/12,17.06
2/28/12,17.15
2/29/12,17.07
3/1/12,17.21
3/2/12,17.16
3/5/12,17.08
3/6/12,16.62
3/7/12,16.8
3/8/12,17.08
3/9/12,17.17
3/12/12,17.11
3/13/12,17.47
3/14/12,17.39
3/15/12,17.49
3/16/12,17.52
3/19/12,17.55
3/20/12,17.4
3/21/12,17.3
3/22/12,17.18
3/23/12,17.21
3/26/12,17.36
3/27/12,17.31
3/28/12,17.21
3/29/12,17.08
3/30/12,17.2
4/2/12,17.35
4/3/12,17.2
4/4/12,16.85
4/5/12,16.81
4/6/12,16.81
4/9/12,16.65
4/10/12,16.31
4/11/12,16.47
4/12/12,16.7
4/13/12,16.51
4/16/12,16.55
4/17/12,16.81
4/18/12,16.73
4/19/12,16.63
4/20/12,16.75
4/23/12,16.43
4/24/12,16.53
4/25/12,16.75
4/26/12,16.8
4/27/12,16.79
4/30/12,16.7
5/1/12,16.82
5/2/12,16.72
5/3/12,16.6
5/4/12,16.37
5/7/12,16.5
5/8/12,16.32
5/9/12,16.11
5/10/12,16.24
5/11/12,16.14
5/14/12,15.92
5/15/12,15.81
5/16/12,15.68
5/17/12,15.48
5/18/12,15.32
5/21/12,15.32
5/22/12,15.68
5/23/12,15.62
5/24/12,15.55
5/25/12,15.53
5/28/12,15.46
5/29/12,15.69
5/30/12,15.43
5/31/12,15.49
6/1/12,15.11
6/4/12,15.19
6/5/12,15.28
6/6/12,15.64
6/7/12,15.65
6/8/12,15.65
6/11/12,15.52
6/12/12,15.71
6/13/12,15.59
6/14/12,15.64
6/15/12,15.79
6/18/12,15.77
6/19/12,15.98
6/20/12,16.08
6/21/12,15.78
6/22/12,15.62
6/25/12,15.29
6/26/12,15.36
6/27/12,15.53
6/28/12,15.56
6/29/12,15.98
7/2/12,15.98
7/3/12,16.1
7/4/12,16.15
7/5/12,16.11
7/6/12,16
7/9/12,15.96
7/10/12,15.87
7/11/12,15.95
7/12/12,15.79
7/13/12,15.97
7/16/12,15.9
7/17/12,15.94
7/18/12,16.03
7/19/12,16.17
7/20/12,15.89
7/23/12,15.61
7/24/12,15.47
7/25/12,15.49
7/26/12,15.82
7/27/12,16.17
7/30/12,16.14
7/31/12,16
8/1/12,16.13
8/2/12,15.89
8/3/12,16.33
8/6/12,16.33
8/7/12,16.57
8/8/12,16.55
8/9/12,16.56
8/10/12,16.57
8/13/12,16.49
8/14/12,16.54
8/15/12,16.53
8/16/12,16.7
8/17/12,16.81
8/20/12,16.75
8/21/12,16.73
8/22/12,16.65
8/23/12,16.53
8/24/12,16.57
8/27/12,16.58
8/28/12,16.53
8/29/12,16.49
8/30/12,16.29
8/31/12,16.33
9/3/12,16.33
9/4/12,16.33
9/5/12,16.27
9/6/12,16.65
9/7/12,16.71
9/10/12,16.62
9/11/12,16.72
9/12/12,16.77
9/13/12,16.98
9/14/12,17.07
9/17/12,17.03
9/18/12,16.97
9/19/12,17.04
9/20/12,16.96
9/21/12,16.98
9/24/12,16.97
9/25/12,16.84
9/26/12,16.69
9/27/12,16.85
9/28/12,16.6
10/1/12,16.72
10/2/12,16.76
10/3/12,16.77
10/4/12,16.86
10/5/12,16.9
10/8/12,16.9
10/9/12,16.66
10/10/12,16.57
10/11/12,16.69
10/12/12,16.66
10/15/12,16.81
10/16/12,17.05
10/17/12,17.13
10/18/12,17.12
10/19/12,16.93
10/22/12,17.08
10/23/12,16.79
10/24/12,16.78
10/25/12,16.89
10/26/12,16.84
10/29/12,16.86
10/30/12,16.86
10/31/12,16.8
11/1/12,17.01
11/2/12,16.96
11/5/12,16.96
11/6/12,17.08
11/7/12,16.84
11/8/12,16.67
11/9/12,16.71
11/12/12,16.73
11/13/12,16.64
11/14/12,16.51
11/15/12,16.59
11/16/12,16.58
11/19/12,16.87
11/20/12,16.93
11/21/12,16.99
11/22/12,16.94
11/23/12,17.15
11/26/12,17.15
11/27/12,17.12
11/28/12,17.21
11/29/12,17.33
11/30/12,17.38
12/3/12,17.31
12/4/12,17.34
12/5/12,17.4
12/6/12,17.5
12/7/12,17.55
12/10/12,17.54
12/11/12,17.62
12/12/12,17.66
12/13/12,17.61
12/14/12,17.62
12/17/12,17.68
12/18/12,17.81
12/19/12,17.87
12/20/12,17.99
12/21/12,17.93
12/24/12,17.79
12/25/12,17.79
12/26/12,17.79
12/27/12,17.87
12/28/12,17.68
12/31/12,17.93
1/1/13,17.93
1/2/13,18.21
1/3/13,18.18
1/4/13,18.31
1/7/13,18.18
1/8/13,18.07
1/9/13,18.22
1/10/13,18.33
1/11/13,18.37
1/14/13,18.4
1/15/13,18.41
1/16/13,18.31
1/17/13,18.52
1/18/13,18.58
1/21/13,18.55
1/22/13,18.5
1/23/13,18.51
1/24/13,18.67
1/25/13,18.86
1/28/13,18.78
1/29/13,18.84
1/30/13,18.8
1/31/13,18.75
2/1/13,18.95
2/4/13,18.63
2/5/13,18.75
2/6/13,18.82
2/7/13,18.73
2/8/13,18.8
2/11/13,18.86
2/12/13,18.9
2/13/13,18.96
2/14/13,18.9
2/15/13,18.87
2/18/13,18.87
2/19/13,19.1
2/20/13,19.04
2/21/13,18.8
2/22/13,19.06
2/25/13,18.61
2/26/13,18.82
2/27/13,19.02
2/28/13,19.06
3/1/13,19.14
3/4/13,19.19
3/5/13,19.31
3/6/13,19.49
3/7/13,19.5
3/8/13,19.7
3/11/13,19.71
3/12/13,19.63
3/13/13,19.63
3/14/13,19.74
3/15/13,19.71
3/18/13,19.56
3/19/13,19.5
3/20/13,19.64
3/21/13,19.4
3/22/13,19.51
3/25/13,19.34
3/26/13,19.45
3/27/13,19.42
3/28/13,19.42
3/29/13,19.42
4/1/13,19.11
4/2/13,19.39
4/3/13,19.25
4/4/13,19.47
4/5/13,19.35
4/8/13,19.52
4/9/13,19.53
4/10/13,19.84
4/11/13,19.96
4/12/13,19.86
4/15/13,19.52
4/16/13,19.67
4/17/13,19.45
4/18/13,19.39
4/19/13,19.6
4/22/13,19.66
4/23/13,20.02
4/24/13,20.19
4/25/13,20.24
4/26/13,20.16
4/29/13,20.35
4/30/13,20.29
5/1/13,20.16
5/2/13,20.35
5/3/13,20.58
5/6/13,20.63
5/7/13,20.69
5/8/13,20.81
5/9/13,20.83
5/10/13,20.98
5/13/13,21.01
5/14/13,21.15
5/15/13,21.26
5/16/13,21.12
5/17/13,21.38
5/20/13,21.38
5/21/13,21.48
5/22/13,21.34
5/23/13,20.91
5/24/13,20.69
5/27/13,20.79
5/28/13,20.93
5/29/13,20.59
5/30/13,20.55
5/31/13,20.21
6/3/13,20.13
6/4/13,20.23
6/5/13,19.72
6/6/13,19.55
6/7/13,19.89
6/10/13,19.96
6/11/13,19.5
6/12/13,19.45
6/13/13,19.68
6/14/13,19.43
6/17/13,19.7
6/18/13,19.91
6/19/13,19.47
6/20/13,18.87
6/21/13,19.01
6/24/13,18.65
6/25/13,18.94
6/26/13,19.13
6/27/13,19.28
6/28/13,19.3
7/1/13,19.3
7/2/13,19.51
7/3/13,19.41
7/4/13,19.81
7/5/13,19.83
7/8/13,19.87
7/9/13,20.04
7/10/13,19.99
7/11/13,20.22
7/12/13,20.2
7/15/13,20.32
7/16/13,20.14
7/17/13,20.26
7/18/13,20.43
7/19/13,20.4
7/22/13,20.41
7/23/13,20.37
7/24/13,20.46
7/25/13,20.34
7/26/13,20.17
7/29/13,20.02
7/30/13,20.07
7/31/13,20.12
8/1/13,20.57
8/2/13,20.59
8/5/13,20.59
8/6/13,20.42
8/7/13,20.22
8/8/13,20.35
8/9/13,20.37
8/12/13,20.38
8/13/13,20.63
8/14/13,20.61
8/15/13,20.29
8/16/13,20.4
8/19/13,20.21
8/20/13,20.11
8/21/13,20
8/22/13,20.27
8/23/13,20.39
8/26/13,20.27
8/27/13,19.81
8/28/13,19.87
8/29/13,19.97
8/30/13,19.74
9/2/13,19.74
9/3/13,20.15
9/4/13,20.28
9/5/13,20.37
9/6/13,20.35
9/9/13,20.55
9/10/13,20.81
9/11/13,20.79
9/12/13,20.68
9/13/13,20.76
9/16/13,20.85
9/17/13,20.85
9/18/13,21.16
9/19/13,21.15
9/20/13,21
9/23/13,20.97
9/24/13,20.95
9/25/13,20.94
9/26/13,21.06
9/27/13,20.93
9/30/13,20.78
10/1/13,20.83
10/2/13,20.78
10/3/13,20.62
10/4/13,20.76
10/7/13,20.48
10/8/13,20.33
10/9/13,20.51
10/10/13,20.94
10/11/13,21.04
10/14/13,21.04
10/15/13,21.02
10/16/13,21.19
10/17/13,21.25
10/18/13,21.35
10/21/13,21.41
10/22/13,21.53
10/23/13,21.31
10/24/13,21.44
10/25/13,21.39
10/28/13,21.39
10/29/13,21.55
10/30/13,21.49
10/31/13,21.49
11/1/13,21.46
11/4/13,21.52
11/5/13,21.37
11/6/13,21.51
11/7/13,21.2
11/8/13,21.48
11/11/13,21.5
11/12/13,21.49
11/13/13,21.5
11/14/13,21.59
11/15/13,21.73
11/18/13,21.7
11/19/13,21.63
11/20/13,21.56
11/21/13,21.7
11/22/13,21.75
11/25/13,21.7
11/26/13,21.66
11/27/13,21.74
11/28/13,21.75
11/29/13,21.88
12/2/13,21.65
12/3/13,21.43
12/4/13,21.3
12/5/13,21.09
12/6/13,21.37
12/9/13,21.35
12/10/13,21.25
12/11/13,21.05
12/12/13,21.02
12/13/13,20.99
12/16/13,21.12
12/17/13,21.04
12/18/13,21.43
12/19/13,21.5
12/20/13,21.54
12/23/13,21.78
12/24/13,21.84
12/25/13,21.84
12/26/13,21.84
12/27/13,21.85
12/30/13,21.88
12/31/13,21.85
1/1/14,21.85
1/2/14,21.67
1/3/14,21.76
1/6/14,21.68
1/7/14,21.86
1/8/14,21.83
1/9/14,21.81
1/10/14,21.92
1/13/14,21.68
1/14/14,21.9
1/15/14,22.12
1/16/14,22.1
1/17/14,22.08
1/20/14,22.07
1/21/14,22.17
1/22/14,22.14
1/23/14,21.79
1/24/14,21.21
1/27/14,21.07
1/28/14,21.29
1/29/14,21.03
1/30/14,21.24
1/31/14,20.92
2/3/14,20.43
2/4/14,20.7
2/5/14,20.7
2/6/14,21.04
2/7/14,21.27
2/10/14,21.19
2/11/14,21.53
2/12/14,21.54
2/13/14,21.53
2/14/14,21.54
2/17/14,21.54
2/18/14,21.73
2/19/14,21.6
2/20/14,21.7
2/21/14,21.76
2/24/14,21.94
2/25/14,21.84
2/26/14,21.83
2/27/14,21.87
2/28/14,21.82
3/3/14,21.42
3/4/14,21.85
3/5/14,21.83
3/6/14,21.97
3/7/14,21.86
3/10/14,21.76
3/11/14,21.62
3/12/14,21.47
3/13/14,21.03
3/14/14,20.97
3/17/14,21.23
3/18/14,21.32
3/19/14,21.24
3/20/14,21.18
3/21/14,21.12
3/24/14,21.13
3/25/14,21.35
3/26/14,21.35
3/27/14,21.49
3/28/14,21.65
3/31/14,21.77
4/1/14,21.93
4/2/14,22
4/3/14,21.99
4/4/14,21.9
4/7/14,21.76
4/8/14,21.6
4/9/14,21.8
4/10/14,21.4
4/11/14,21.3
4/14/14,21.45
4/15/14,21.38
4/16/14,21.66
4/17/14,21.79
4/18/14,21.79
4/21/14,21.85
4/22/14,21.91
4/23/14,21.87
4/24/14,21.83
4/25/14,21.73
4/28/14,21.79
4/29/14,21.93
4/30/14,21.94
5/1/14,22.01
5/2/14,21.99
5/5/14,21.97
5/6/14,21.84
5/7/14,21.87
5/8/14,21.89
5/9/14,22
5/12/14,22.16
5/13/14,22.24
5/14/14,22.18
5/15/14,22.06
5/16/14,22.12
5/19/14,22.12
5/20/14,21.96
5/21/14,22.09
5/22/14,22.17
5/23/14,22.3
5/26/14,22.26
5/27/14,22.43
5/28/14,22.41
5/29/14,22.51
5/30/14,22.52
6/2/14,22.64
6/3/14,22.55
6/4/14,22.56
6/5/14,22.64
6/6/14,22.77
6/9/14,22.8
6/10/14,22.77
6/11/14,22.66
6/12/14,22.58
6/13/14,22.59
6/16/14,22.58
6/17/14,22.59
6/18/14,22.41
6/19/14,22.52
6/20/14,22.48
6/23/14,22.42
6/24/14,22.29
6/25/14,22.21
6/26/14,22.2
6/27/14,22.18
6/30/14,22.1
7/1/14,22.1
7/2/14,22.4
7/3/14,22.56
7/4/14,22.54
7/7/14,22.34
7/8/14,22.09
7/9/14,22.13
7/10/14,21.86
7/11/14,21.93
7/14/14,22.1
7/15/14,22.07
7/16/14,22.25
7/17/14,21.94
7/18/14,22.13
7/21/14,22.04
7/22/14,22.19
7/23/14,22.23
7/24/14,22.31
7/25/14,22.24
7/28/14,22.26
7/29/14,22.24
7/30/14,22.31
7/31/14,21.94
8/1/14,21.78
8/4/14,21.78
8/5/14,21.6
8/6/14,21.53
8/7/14,21.38
8/8/14,21.5
8/11/14,21.6
8/12/14,21.57
8/13/14,21.74
8/14/14,21.85
8/15/14,21.81
8/18/14,21.98
8/19/14,22.1
8/20/14,22.11
8/21/14,22.21
8/22/14,22.13
8/25/14,22.31
8/26/14,22.33
8/27/14,22.33
8/28/14,22.22
8/29/14,22.29
9/1/14,22.29
9/2/14,22.42
9/3/14,22.53
9/4/14,22.61
9/5/14,22.64
9/8/14,22.55
9/9/14,22.47
9/10/14,22.63
9/11/14,22.53
9/12/14,22.48
9/15/14,22.48
9/16/14,22.53
9/17/14,22.49
9/18/14,22.6
9/19/14,22.64
9/22/14,22.54
9/23/14,22.34
9/24/14,22.53
9/25/14,22.25
9/26/14,22.42
9/29/14,22.24
9/30/14,22.25
10/1/14,22
10/2/14,21.71
10/3/14,21.96
10/6/14,21.91
10/7/14,21.49
10/8/14,21.72
10/9/14,21.2
10/10/14,20.98
10/13/14,20.98
10/14/14,20.95
10/15/14,20.65
10/16/14,20.42
10/17/14,20.86
10/20/14,20.96
10/21/14,21.3
10/22/14,21.21
10/23/14,21.5
10/24/14,21.56
10/27/14,21.43
10/28/14,21.71
10/29/14,21.72
10/30/14,21.89
10/31/14,22.48
11/3/14,22.41
11/4/14,22.21
11/5/14,22.42
11/6/14,22.44
11/7/14,22.34
11/10/14,22.49
11/11/14,22.55
11/12/14,22.42
11/13/14,22.55
11/14/14,22.56
11/17/14,22.55
11/18/14,22.76
11/19/14,22.74
11/20/14,22.59
11/21/14,22.9
11/24/14,23.01
11/25/14,23.02
11/26/14,23.06
11/27/14,23.08
11/28/14,23.02
12/1/14,22.91
12/2/14,23.13
12/3/14,23.17
12/4/14,23.06
12/5/14,23.28
12/8/14,23.04
12/9/14,22.82
12/10/14,22.36
12/11/14,22.44
12/12/14,21.94
12/15/14,21.58
12/16/14,21.62
12/17/14,22.14
12/18/14,22.57
12/19/14,22.7
12/22/14,22.82
12/23/14,22.89
12/24/14,22.94
12/25/14,22.94
12/26/14,22.94
12/29/14,22.57
12/30/14,22.3
12/31/14,22.23
1/1/15,22.23
1/2/15,22.3
1/5/15,21.82
1/6/15,21.6
1/7/15,21.95
1/8/15,22.29
1/9/15,22.06
1/12/15,22
1/13/15,22.16
1/14/15,22.03
1/15/15,21.89
1/16/15,22.24
1/19/15,22.28
1/20/15,22.43
1/21/15,22.52
1/22/15,22.93
1/23/15,22.93
1/26/15,23.26
1/27/15,23.12
1/28/15,22.86
1/29/15,23.33
1/30/15,22.9
2/2/15,23.19
2/3/15,23.39
2/4/15,23.26
2/5/15,23.47
2/6/15,23.36
2/9/15,23.26
2/10/15,23.51
2/11/15,23.47
2/12/15,23.62
2/13/15,23.83
2/16/15,23.83
2/17/15,23.89
2/18/15,23.97
2/19/15,24.1
2/20/15,24.31
2/23/15,24.24
2/24/15,24.38
2/25/15,24.32
2/26/15,24.48
2/27/15,24.48
3/2/15,24.6
3/3/15,24.4
3/4/15,24.42
3/5/15,24.6
3/6/15,24.52
3/9/15,24.54
3/10/15,24.2
3/11/15,24.48
3/12/15,24.7
3/13/15,24.76
3/16/15,24.92
3/17/15,24.88
3/18/15,24.97
3/19/15,25.01
3/20/15,25.24
3/23/15,25.17
3/24/15,25.15
3/25/15,25.01
3/26/15,24.88
3/27/15,24.91
3/30/15,25.13
3/31/15,24.76
4/1/15,24.93
4/2/15,25.05
4/3/15,25.05
4/6/15,25.2
4/7/15,25.36
4/8/15,25.43
4/9/15,25.69
4/10/15,25.75
4/13/15,25.66
4/14/15,25.67
4/15/15,25.73
4/16/15,25.59
4/17/15,25.22
4/20/15,25.39
4/21/15,25.61
4/22/15,25.67
4/23/15,25.62
4/24/15,25.65
4/27/15,25.74
4/28/15,25.61
4/29/15,25.23
4/30/15,24.92
5/1/15,25.35
5/4/15,25.38
5/5/15,24.89
5/6/15,24.71
5/7/15,24.76
5/8/15,25.34
5/11/15,25.16
5/12/15,25.02
5/13/15,24.97
5/14/15,25.24
5/15/15,25.25
5/18/15,25.25
5/19/15,25.55
5/20/15,25.65
5/21/15,25.73
5/22/15,25.79
5/25/15,25.87
5/26/15,25.65
5/27/15,25.86
5/28/15,25.77
5/29/15,25.54
6/1/15,25.57
6/2/15,25.37
6/3/15,25.46
6/4/15,25.17
6/5/15,25.12
6/8/15,24.81
6/9/15,24.68
6/10/15,25.02
6/11/15,25.13
6/12/15,24.98
6/15/15,24.72
6/16/15,24.78
6/17/15,24.21
6/18/15,24.35
6/19/15,24.32
6/22/15,24.87
6/23/15,25.16
6/24/15,24.93
6/25/15,24.82
6/26/15,24.89
6/29/15,23.9
6/30/15,23.94
7/1/15,23.94
7/2/15,24.3
7/3/15,24.32
7/6/15,23.83
7/7/15,23.92
7/8/15,23.26
7/9/15,23.71
7/10/15,24.38
7/13/15,24.7
7/14/15,24.83
7/15/15,24.86
7/16/15,25.15
7/17/15,25.15
7/20/15,25.28
7/21/15,25.08
7/22/15,24.91
7/23/15,24.8
7/24/15,24.55
7/27/15,24.24
7/28/15,24.56
7/29/15,24.76
7/30/15,24.79
7/31/15,24.87
8/3/15,24.87
8/4/15,24.97
8/5/15,25.11
8/6/15,25.01
8/7/15,24.94
8/10/15,25.16
8/11/15,24.83
8/12/15,24.42
8/13/15,24.46
8/14/15,24.52
8/17/15,24.5
8/18/15,24.35
8/19/15,23.98
8/20/15,23.33
8/21/15,22.54
8/24/15,21.3
8/25/15,21.74
8/26/15,22.54
8/27/15,23
8/28/15,23.03
8/31/15,22.87
9/1/15,21.99
9/2/15,22.38
9/3/15,22.54
9/4/15,22.03
9/7/15,22.03
9/8/15,22.55
9/9/15,22.49
9/10/15,22.55
9/11/15,22.46
9/14/15,22.3
9/15/15,22.56
9/16/15,22.83
9/17/15,22.66
9/18/15,22.26
9/21/15,22.33
9/22/15,21.88
9/23/15,21.84
9/24/15,21.72
9/25/15,21.98
9/28/15,21.51
9/29/15,21.42
9/30/15,21.9
10/1/15,21.94
10/2/15,22.28
10/5/15,22.74
10/6/15,22.67
10/7/15,22.86
10/8/15,23
10/9/15,22.97
10/12/15,22.97
10/13/15,22.65
10/14/15,22.49
10/15/15,22.94
10/16/15,23.01
10/19/15,22.96
10/20/15,22.89
10/21/15,22.91
10/22/15,23.39
10/23/15,23.76
10/26/15,23.62
10/27/15,23.45
10/28/15,23.74
10/29/15,23.51
10/30/15,23.39
11/2/15,23.59
11/3/15,23.63
11/4/15,23.63
11/5/15,23.65
11/6/15,23.8
11/9/15,23.52
11/10/15,23.54
11/11/15,23.59
11/12/15,23.21
11/13/15,23.07
11/16/15,23.45
11/17/15,23.54
11/18/15,23.78
11/19/15,23.76
11/20/15,23.78
11/23/15,23.7
11/24/15,23.63
11/25/15,23.74
11/26/15,23.7
11/27/15,23.81
11/30/15,23.8
12/1/15,23.96
12/2/15,23.78
12/3/15,23.21
12/4/15,23.54
12/7/15,23.44
12/8/15,23.06
12/9/15,22.71
12/10/15,22.76
12/11/15,22.23
12/14/15,22.2
12/15/15,22.55
12/16/15,23.05
12/17/15,22.93
12/18/15,22.55
12/21/15,22.56
12/22/15,22.71
12/23/15,23.12
12/24/15,23.02
12/25/15,23.02
12/28/15,23.02
12/29/15,23.06
12/30/15,22.91
12/31/15,22.72
1/1/16,22.72
1/4/16,22.39
1/5/16,22.43
1/6/16,22.01
1/7/16,21.42
1/8/16,21.16
1/11/16,21.34
1/12/16,21.47
1/13/16,21.1
1/14/16,21.4
1/15/16,20.59
1/18/16,20.74
1/19/16,20.84
1/20/16,20.34
1/21/16,20.51
1/22/16,21.28
1/25/16,20.93
1/26/16,21.29
1/27/16,21.14
1/28/16,21.16
1/29/16,21.75
2/1/16,21.61
2/2/16,21.09
2/3/16,20.92
2/4/16,20.82
2/5/16,20.58
2/8/16,20.13
2/9/16,19.79
2/10/16,19.63
2/11/16,19.32
2/12/16,19.74
2/15/16,19.74
2/16/16,20.36
2/17/16,20.7
2/18/16,20.58
2/19/16,20.48
2/22/16,20.85
2/23/16,20.5
2/24/16,20.49
2/25/16,20.74
2/26/16,20.86
2/29/16,20.7
3/1/16,21.24
3/2/16,21.33
3/3/16,21.42
3/4/16,21.53
3/7/16,21.46
3/8/16,21.25
3/9/16,21.33
3/10/16,21.22
3/11/16,21.69
3/14/16,21.73
3/15/16,21.53
3/16/16,21.54
3/17/16,21.52
3/18/16,21.52
3/21/16,21.54
3/22/16,21.56
3/23/16,21.45
3/24/16,21.32
3/25/16,21.32
3/28/16,21.43
3/29/16,21.47
3/30/16,21.6
3/31/16,21.36
4/1/16,21.13
4/4/16,21.05
4/5/16,20.63
4/6/16,20.93
4/7/16,20.63
4/8/16,20.95
4/11/16,20.92
4/12/16,21.24
4/13/16,21.72
4/14/16,21.85
4/15/16,21.73
4/18/16,21.85
4/19/16,22.14
4/20/16,22.31
4/21/16,22.16
4/22/16,22.28
4/25/16,22.13
4/26/16,22.14
4/27/16,22.2
4/28/16,21.67
4/29/16,21.42
5/2/16,21.55
5/3/16,21.27
5/4/16,21.07
5/5/16,21.15
5/6/16,21.22
5/9/16,21.28
5/10/16,21.6
5/11/16,21.36
5/12/16,21.43
5/13/16,21.26
5/16/16,21.52
5/17/16,21.34
5/18/16,21.45
5/19/16,21.35
5/20/16,21.54
5/23/16,21.54
5/24/16,21.82
5/25/16,22.03
5/26/16,22.04
5/27/16,22.12
5/30/16,22.17
5/31/16,22.08
6/1/16,21.92
6/2/16,21.93
6/3/16,21.73
6/6/16,21.91
6/7/16,22
6/8/16,22.02
6/9/16,21.82
6/10/16,21.31
6/13/16,20.9
6/14/16,20.72
6/15/16,20.41
6/16/16,20.39
6/17/16,20.53
6/20/16,20.91
6/21/16,21.16
6/22/16,21.01
6/23/16,21.53
6/24/16,20.08
6/27/16,19.87
6/28/16,20.35
6/29/16,20.7
6/30/16,21.02
7/1/16,21.02
7/4/16,21.12
7/5/16,20.66
7/6/16,20.61
7/7/16,20.53
7/8/16,20.83
7/11/16,21.25
7/12/16,21.53
7/13/16,21.5
7/14/16,21.63
7/15/16,21.61
7/18/16,21.67
7/19/16,21.62
7/20/16,21.85
7/21/16,21.7
7/22/16,21.81
7/25/16,21.77
7/26/16,21.8
7/27/16,21.84
7/28/16,21.82
7/29/16,21.76
8/1/16,21.76
8/2/16,21.39
8/3/16,21.4
8/4/16,21.58
8/5/16,21.77
8/8/16,21.87
8/9/16,22.01
8/10/16,21.98
8/11/16,22.2
8/12/16,22.13
8/15/16,22.2
8/16/16,21.98
8/17/16,21.97
8/18/16,21.92
8/19/16,21.86
8/22/16,21.9
8/23/16,21.98
8/24/16,21.94
8/25/16,21.89
8/26/16,21.92
8/29/16,22.01
8/30/16,22.12
8/31/16,22.05
9/1/16,22.13
9/2/16,22.41
9/5/16,22.41
9/6/16,22.3
9/7/16,22.37
9/8/16,22.38
9/9/16,21.98
9/12/16,22.08
9/13/16,21.75
9/14/16,21.69
9/15/16,21.85
9/16/16,21.74
9/19/16,21.79
9/20/16,21.94
9/21/16,22.2
9/22/16,22.42
9/23/16,22.26
9/26/16,21.98
9/27/16,22.07
9/28/16,22.25
9/29/16,22.04
9/30/16,22.22
10/3/16,22.22
10/4/16,22.34
10/5/16,22.47
10/6/16,22.47
10/7/16,22.34
10/10/16,22.34
10/11/16,22.33
10/12/16,22.31
10/13/16,22.16
10/14/16,22.32
10/17/16,22.21
10/18/16,22.4
10/19/16,22.43
10/20/16,22.56
10/21/16,22.55
10/24/16,22.57
10/25/16,22.54
10/26/16,22.45
10/27/16,22.5
10/28/16,22.39
10/31/16,22.4
11/1/16,22.17
11/2/16,21.95
11/3/16,21.83
11/4/16,21.58
11/7/16,22.05
11/8/16,22.16
11/9/16,22.33
11/10/16,22.3
11/11/16,22.2
11/14/16,22.28
11/15/16,22.44
11/16/16,22.28
11/17/16,22.54
11/18/16,22.42
11/21/16,22.54
11/22/16,22.62
11/23/16,22.66
11/24/16,22.64
11/25/16,22.7
11/28/16,22.56
11/29/16,22.62
11/30/16,22.76
12/1/16,22.57
12/2/16,22.54
12/5/16,22.69
12/6/16,22.92
12/7/16,23.19
12/8/16,23.32
12/9/16,23.53
12/12/16,23.35
12/13/16,23.6
12/14/16,23.49
12/15/16,23.67
12/16/16,23.63
12/19/16,23.66
12/20/16,23.74
12/21/16,23.69
12/22/16,23.68
12/23/16,23.72
12/26/16,23.72
12/27/16,23.72
12/28/16,23.43
12/29/16,23.37
12/30/16,23.4
1/2/17,23.4
1/3/17,23.72
1/4/17,23.86
1/5/17,23.83
1/6/17,23.92
1/9/17,23.82
1/10/17,23.82
1/11/17,23.89
1/12/17,23.82
1/13/17,23.89
1/16/17,23.89
1/17/17,23.57
1/18/17,23.71
1/19/17,23.62
1/20/17,23.67
1/23/17,23.57
1/24/17,23.68
1/25/17,23.84
1/26/17,23.89
1/27/17,23.86
1/30/17,23.66
1/31/17,23.51
2/1/17,23.62
2/2/17,23.63
2/3/17,23.72
2/6/17,23.53
2/7/17,23.61
2/8/17,23.63
2/9/17,23.82
2/10/17,23.91
2/13/17,24.05
2/14/17,24.06
2/15/17,24.12
2/16/17,24.06
2/17/17,24.08
2/20/17,24.08
2/21/17,24.22
2/22/17,24.2
2/23/17,24.16
2/24/17,24.02
2/27/17,24.06
2/28/17,24.01
3/1/17,24.45
3/2/17,24.39
3/3/17,24.41
3/6/17,24.37
3/7/17,24.3
3/8/17,24.28
3/9/17,24.39
3/10/17,24.5
3/13/17,24.62
3/14/17,24.49
3/15/17,24.58
3/16/17,24.64
3/17/17,24.66
3/20/17,24.62
3/21/17,24.36
3/22/17,24.35
3/23/17,24.4
3/24/17,24.48
3/27/17,24.43
3/28/17,24.67
3/29/17,24.68
3/30/17,24.73
3/31/17,24.66
4/3/17,24.63
4/4/17,24.64
4/5/17,24.48
4/6/17,24.52
4/7/17,24.66
4/10/17,24.61
4/11/17,24.61
4/12/17,24.47
4/13/17,24.35
4/14/17,24.35
4/17/17,24.46
4/18/17,24.12
4/19/17,24.11
4/20/17,24.32
4/21/17,24.34
4/24/17,24.85
4/25/17,25.02
4/26/17,25
4/27/17,25.04
4/28/17,25
5/1/17,25.13
5/2/17,25.23
5/3/17,25.27
5/4/17,25.39
5/5/17,25.63
5/8/17,25.58
5/9/17,25.65
5/10/17,25.7
5/11/17,25.65
5/12/17,25.68
5/15/17,25.77
5/16/17,25.77
5/17/17,25.3
5/18/17,25.42
5/19/17,25.54
5/22/17,25.54
5/23/17,25.64
5/24/17,25.63
5/25/17,25.67
5/26/17,25.6
5/29/17,25.63
5/30/17,25.55
5/31/17,25.54
6/1/17,25.78
6/2/17,25.9
6/5/17,25.79
6/6/17,25.63
6/7/17,25.65
6/8/17,25.66
6/9/17,25.67
6/12/17,25.57
6/13/17,25.73
6/14/17,25.69
6/15/17,25.55
6/16/17,25.71
6/19/17,25.87
6/20/17,25.7
6/21/17,25.62
6/22/17,25.64
6/23/17,25.28
6/26/17,25.38
6/27/17,25.22
6/28/17,25.34
6/29/17,24.99
6/30/17,25.06
7/3/17,25.06
7/4/17,25.14
7/5/17,25.2
7/6/17,24.97
7/7/17,25.09
7/10/17,25.13
7/11/17,25.14
7/12/17,25.32
7/13/17,25.37
7/14/17,25.37
7/17/17,25.32
7/18/17,25.22
7/19/17,25.34
7/20/17,25.39
7/21/17,25.16
7/24/17,25.14
7/25/17,25.23
7/26/17,25.24
7/27/17,25.27
7/28/17,25.17
7/31/17,25.13
8/1/17,25.32
8/2/17,25.3
8/3/17,25.29
8/4/17,25.49
8/7/17,25.49
8/8/17,25.41
8/9/17,25.32
8/10/17,24.88
8/11/17,24.82
8/14/17,25.1
8/15/17,25.19
8/16/17,25.24
8/17/17,24.98
8/18/17,24.97
8/21/17,24.91
8/22/17,25.16
8/23/17,25.07
8/24/17,25.08
8/25/17,25.05
8/28/17,24.99
8/29/17,24.93
8/30/17,25
8/31/17,25.14
9/1/17,25.23
9/4/17,25.23
9/5/17,24.88
9/6/17,25.08
9/7/17,25.1
9/8/17,25.02
9/11/17,25.4
9/12/17,25.47
9/13/17,25.47
9/14/17,25.42
9/15/17,25.36
9/18/17,25.46
9/19/17,25.53
9/20/17,25.63
9/21/17,25.56
9/22/17,25.6
9/25/17,25.54
9/26/17,25.56
9/27/17,25.71
9/28/17,25.72
9/29/17,25.85
10/2/17,25.97
10/3/17,26.04
10/4/17,25.98
10/5/17,26.1
10/6/17,26.07
10/9/17,26.07
10/10/17,26.16
10/11/17,26.17
10/12/17,26.18
10/13/17,26.27
10/16/17,26.33
10/17/17,26.32
10/18/17,26.39
10/19/17,26.29
10/20/17,26.4
10/23/17,26.35
10/24/17,26.48
10/25/17,26.31
10/26/17,26.52
10/27/17,26.61
10/30/17,26.56
10/31/17,26.69
11/1/17,26.82
11/2/17,26.88
11/3/17,26.91
11/6/17,26.87
11/7/17,26.83
11/8/17,26.91
11/9/17,26.67
11/10/17,26.58
11/13/17,26.5
11/14/17,26.36
11/15/17,26.21
11/16/17,26.47
11/17/17,26.28
11/20/17,26.43
11/21/17,26.59
11/22/17,26.46
11/23/17,26.46
11/24/17,26.63
11/27/17,26.46
11/28/17,26.66
11/29/17,26.56
11/30/17,26.56
12/1/17,26.42
12/4/17,26.41
12/5/17,26.4
12/6/17,26.37
12/7/17,26.49
12/8/17,26.7
12/11/17,26.78
12/12/17,26.83
12/13/17,26.76
12/14/17,26.59
12/15/17,26.7
12/18/17,26.94
12/19/17,26.81
12/20/17,26.74
12/21/17,26.82
12/22/17,26.88
12/25/17,26.88
12/26/17,26.88
12/27/17,26.86
12/28/17,26.56
12/29/17,26.51
1/1/18,26.51
1/2/18,26.55
1/3/18,26.81
1/4/18,27.02
1/5/18,27.22
1/8/18,27.28
1/9/18,27.34
1/10/18,27.21
1/11/18,27.29
1/12/18,27.32
1/15/18,27.44
1/16/18,27.15
1/17/18,27.35
1/18/18,27.26
1/19/18,27.44
1/22/18,27.51
1/23/18,27.54
1/24/18,27.31
1/25/18,27.23
1/26/18,27.36
1/29/18,27.23
1/30/18,26.97
1/31/18,26.89
2/1/18,26.85
2/2/18,26.5
2/5/18,25.46
2/6/18,26.05
2/7/18,25.88
2/8/18,25.15
2/9/18,25.31
2/12/18,25.58
2/13/18,25.4
2/14/18,25.65
2/15/18,25.67
2/16/18,25.95
2/19/18,25.95
2/20/18,25.84
2/21/18,25.82
2/22/18,25.82
2/23/18,26.1
2/26/18,26.32
2/27/18,26.07
2/28/18,25.83
3/1/18,25.36
3/2/18,25.36
3/5/18,25.49
3/6/18,25.6
3/7/18,25.56
3/8/18,25.75
3/9/18,25.96
3/12/18,25.91
3/13/18,25.7
3/14/18,25.73
3/15/18,25.8
3/16/18,25.82
3/19/18,25.48
3/20/18,25.66
3/21/18,25.5
3/22/18,25.04
3/23/18,24.68
3/26/18,25.06
3/27/18,24.96
3/28/18,25.35
3/29/18,25.55
3/30/18,25.55
4/2/18,25.15
4/3/18,25.4
4/4/18,25.47
4/5/18,25.77
4/6/18,25.48
4/9/18,25.64
4/10/18,25.86
4/11/18,25.74
4/12/18,25.89
4/13/18,25.89
4/16/18,25.86
4/17/18,26
4/18/18,26.17
4/19/18,26.15
4/20/18,26.18
4/23/18,26.32
4/24/18,26.18
4/25/18,26.26
4/26/18,26.49
4/27/18,26.52
4/30/18,26.49
5/1/18,26.58
5/2/18,26.64
5/3/18,26.61
5/4/18,26.72
5/7/18,26.77
5/8/18,26.84
5/9/18,26.94
5/10/18,27.01
5/11/18,27.05
5/14/18,27.14
5/15/18,27.09
5/16/18,27.11
5/17/18,27.2
5/18/18,27.14
5/21/18,27.14
5/22/18,27.26
5/23/18,27.03
5/24/18,26.88
5/25/18,26.79
5/28/18,26.67
5/29/18,26.37
5/30/18,26.62
5/31/18,26.45
6/1/18,26.7
6/4/18,26.77
6/5/18,26.68
6/6/18,26.87
6/7/18,26.66
6/8/18,26.76
6/11/18,26.93
6/12/18,26.83
6/13/18,26.81
6/14/18,27.05
6/15/18,26.91
6/18/18,26.72
6/19/18,26.45
6/20/18,26.46
6/21/18,26.22
6/22/18,26.48
6/25/18,25.65
6/26/18,25.78
6/27/18,25.71
6/28/18,25.8
6/29/18,25.82
7/2/18,25.82
7/3/18,25.69
7/4/18,25.77
7/5/18,25.87
7/6/18,25.94
7/9/18,26.19
7/10/18,26.21
7/11/18,25.96
7/12/18,26.16
7/13/18,26.22
7/16/18,26.17
7/17/18,26.33
7/18/18,26.37
7/19/18,26.35
7/20/18,26.26
7/23/18,26.31
7/24/18,26.42
7/25/18,26.54
7/26/18,26.54
7/27/18,26.6
7/30/18,26.52
7/31/18,26.59
8/1/18,26.52
8/2/18,26.43
8/3/18,26.45
8/6/18,26.45
8/7/18,26.54
8/8/18,26.52
8/9/18,26.56
8/10/18,26.19
8/13/18,26.06
8/14/18,26.16
8/15/18,25.8
8/16/18,25.94
8/17/18,25.99
8/20/18,26.08
8/21/18,26.1
8/22/18,26.16
8/23/18,26.13
8/24/18,26.19
8/27/18,26.47
8/28/18,26.44
8/29/18,26.53
8/30/18,26.28
8/31/18,26.18
9/3/18,26.18
9/4/18,26.02
9/5/18,25.74
9/6/18,25.61
9/7/18,25.5
9/10/18,25.6
9/11/18,25.65
9/12/18,25.7
9/13/18,25.84
9/14/18,25.97
9/17/18,25.88
9/18/18,26.19
9/19/18,26.25
9/20/18,26.44
9/21/18,26.55
9/24/18,26.45
9/25/18,26.56
9/26/18,26.57
9/27/18,26.69
9/28/18,26.53
10/1/18,26.64
10/2/18,26.52
10/3/18,26.62
10/4/18,26.27
10/5/18,26.08
10/8/18,26.08
10/9/18,25.87
10/10/18,25.25
10/11/18,24.84
10/12/18,24.93
10/15/18,24.87
10/16/18,25.31
10/17/18,25.24
10/18/18,24.92
10/19/18,25.02
10/22/18,24.99
10/23/18,24.74
10/24/18,24.13
10/25/18,24.5
10/26/18,24.24
10/29/18,24.25
10/30/18,24.64
10/31/18,24.82
11/1/18,24.94
11/2/18,25.03
11/5/18,25
11/6/18,25.1
11/7/18,25.39
11/8/18,25.25
11/9/18,25.15
11/12/18,24.85
11/13/18,24.88
11/14/18,24.9
11/15/18,24.94
11/16/18,24.85
11/19/18,24.59
11/20/18,24.28
11/21/18,24.62
11/22/18,24.4
11/23/18,24.35
11/26/18,24.91
11/27/18,24.88
11/28/18,25.12
11/29/18,24.98
11/30/18,24.96
12/3/18,25.25
12/4/18,24.56
12/5/18,24.6
12/6/18,24.28
12/7/18,24.07
12/10/18,24
12/11/18,24.13
12/12/18,24.45
12/13/18,24.39
12/14/18,24.12
12/17/18,23.85
12/18/18,23.8
12/19/18,23.63
12/20/18,23.32
12/21/18,23.03
12/24/18,22.6
12/25/18,22.6
12/26/18,22.6
12/27/18,23.19
12/28/18,23.03
12/31/18,22.99
1/1/19,22.99
1/2/19,23.04
1/3/19,22.76
1/4/19,23.45
1/7/19,23.44
1/8/19,23.64
1/9/19,23.7
1/10/19,23.91
1/11/19,23.74
1/14/19,23.61
1/15/19,23.78
1/16/19,23.91
1/17/19,23.93
1/18/19,24.32
1/21/19,24.22
1/22/19,23.93
1/23/19,23.98
1/24/19,24.09
1/25/19,24.18
1/28/19,24.09
1/29/19,24.18
1/30/19,24.32
1/31/19,24.35
2/1/19,24.37
2/4/19,24.52
2/5/19,24.78
2/6/19,24.71
2/7/19,24.43
2/8/19,24.33
2/11/19,24.44
2/12/19,24.66
2/13/19,24.78
2/14/19,24.75
2/15/19,25.04
2/18/19,25.04
2/19/19,25.07
2/20/19,25.16
2/21/19,25.11
2/22/19,25.18
2/25/19,25.23
2/26/19,25.24
2/27/19,25.18
2/28/19,25.17
3/1/19,25.4
3/4/19,25.31
3/5/19,25.41
3/6/19,25.35
3/7/19,25.17
3/8/19,25.08
3/11/19,25.27
3/12/19,25.23
3/13/19,25.33
3/14/19,25.41
3/15/19,25.61
3/18/19,25.71
3/19/19,25.73
3/20/19,25.64
3/21/19,25.74
3/22/19,25.23
3/25/19,25.21
3/26/19,25.43
3/27/19,25.44
3/28/19,25.49
3/29/19,25.6
4/1/19,25.94
4/2/19,25.98
4/3/19,26.11
4/4/19,26.12
4/5/19,26.2
4/8/19,26.14
4/9/19,25.98
4/10/19,26.04
4/11/19,26.07
4/12/19,26.22
4/15/19,26.22
4/16/19,26.31
4/17/19,26.36
4/18/19,26.43
4/19/19,26.43
4/22/19,26.39
4/23/19,26.49
4/24/19,26.43
4/25/19,26.4
4/26/19,26.48
4/29/19,26.55
4/30/19,26.49
5/1/19,26.4
5/2/19,26.37
5/3/19,26.55
5/6/19,26.3
5/7/19,25.83
5/8/19,25.86
5/9/19,25.68
5/10/19,25.86
5/13/19,25.26
5/14/19,25.55
5/15/19,25.69
5/16/19,25.95
5/17/19,25.86
5/20/19,25.86
5/21/19,25.97
5/22/19,25.88
5/23/19,25.55
5/24/19,25.74
5/27/19,25.69
5/28/19,25.59
5/29/19,25.46
5/30/19,25.54
5/31/19,25.16
6/3/19,25.21
6/4/19,25.5
6/5/19,25.54
6/6/19,25.62
6/7/19,25.84
6/10/19,25.96
6/11/19,26.09
6/12/19,25.95
6/13/19,25.97
6/14/19,25.87
6/17/19,25.85
6/18/19,26.2
6/19/19,25.91
6/20/19,25.98
6/21/19,25.77
6/24/19,25.79
6/25/19,25.68
6/26/19,25.73
6/27/19,25.8
6/28/19,25.92
7/1/19,25.92
7/2/19,26.27
7/3/19,26.42
7/4/19,26.29
7/5/19,26.37
7/8/19,26.27
7/9/19,26.18
7/10/19,26.17
7/11/19,26.15
7/12/19,26.08
7/15/19,26.15
7/16/19,26.16
7/17/19,26.1
7/18/19,25.98
7/19/19,26.05
7/22/19,26.11
7/23/19,26.4
7/24/19,26.38
7/25/19,26.18
7/26/19,26.33
7/29/19,26.38
7/30/19,26.08
7/31/19,26.04
8/1/19,25.89
8/2/19,25.58
8/5/19,25.58
8/6/19,25.01
8/7/19,25.11
8/8/19,25.34
8/9/19,25.23
8/12/19,24.92
8/13/19,25.26
8/14/19,24.65
8/15/19,24.68
8/16/19,25.01
8/19/19,25.2
8/20/19,25.07
8/21/19,25.29
8/22/19,25.23
8/23/19,24.78
8/26/19,25.06
8/27/19,25.03
8/28/19,25.11
8/29/19,25.38
8/30/19,25.55
9/2/19,25.55
9/3/19,25.49
9/4/19,25.74
9/5/19,25.89
9/6/19,25.98
9/9/19,26.01
9/10/19,26.08
9/11/19,26.3
9/12/19,26.41
9/13/19,26.49
9/16/19,26.35
9/17/19,26.39
9/18/19,26.42
9/19/19,26.46
9/20/19,26.42
9/23/19,26.37
9/24/19,26.2
9/25/19,26.31
9/26/19,26.46
9/27/19,26.34
9/30/19,26.47
10/1/19,26.2
10/2/19,25.61
10/3/19,25.73
10/4/19,25.92
10/7/19,25.97
10/8/19,25.75