Start,10/8/1999
End,10/8/2019
Frequency,D
Name,ISHARES TIPS BOND
Code,28201L
CURRENCY,U$
10/8/1999,#N/A
10/11/1999,#N/A
10/12/1999,#N/A
10/13/1999,#N/A
10/14/1999,#N/A
10/15/1999,#N/A
10/18/1999,#N/A
10/19/1999,#N/A
10/20/1999,#N/A
10/21/1999,#N/A
10/22/1999,#N/A
10/25/1999,#N/A
10/26/1999,#N/A
10/27/1999,#N/A
10/28/1999,#N/A
10/29/1999,#N/A
11/1/1999,#N/A
11/2/1999,#N/A
11/3/1999,#N/A
11/4/1999,#N/A
11/5/1999,#N/A
11/8/1999,#N/A
11/9/1999,#N/A
11/10/1999,#N/A
11/11/1999,#N/A
11/12/1999,#N/A
11/15/1999,#N/A
11/16/1999,#N/A
11/17/1999,#N/A
11/18/1999,#N/A
11/19/1999,#N/A
11/22/1999,#N/A
11/23/1999,#N/A
11/24/1999,#N/A
11/25/1999,#N/A
11/26/1999,#N/A
11/29/1999,#N/A
11/30/1999,#N/A
12/1/1999,#N/A
12/2/1999,#N/A
12/3/1999,#N/A
12/6/1999,#N/A
12/7/1999,#N/A
12/8/1999,#N/A
12/9/1999,#N/A
12/10/1999,#N/A
12/13/1999,#N/A
12/14/1999,#N/A
12/15/1999,#N/A
12/16/1999,#N/A
12/17/1999,#N/A
12/20/1999,#N/A
12/21/1999,#N/A
12/22/1999,#N/A
12/23/1999,#N/A
12/24/1999,#N/A
12/27/1999,#N/A
12/28/1999,#N/A
12/29/1999,#N/A
12/30/1999,#N/A
12/31/1999,#N/A
1/3/2000,#N/A
1/4/2000,#N/A
1/5/2000,#N/A
1/6/2000,#N/A
1/7/2000,#N/A
1/10/2000,#N/A
1/11/2000,#N/A
1/12/2000,#N/A
1/13/2000,#N/A
1/14/2000,#N/A
1/17/2000,#N/A
1/18/2000,#N/A
1/19/2000,#N/A
1/20/2000,#N/A
1/21/2000,#N/A
1/24/2000,#N/A
1/25/2000,#N/A
1/26/2000,#N/A
1/27/2000,#N/A
1/28/2000,#N/A
1/31/2000,#N/A
2/1/2000,#N/A
2/2/2000,#N/A
2/3/2000,#N/A
2/4/2000,#N/A
2/7/2000,#N/A
2/8/2000,#N/A
2/9/2000,#N/A
2/10/2000,#N/A
2/11/2000,#N/A
2/14/2000,#N/A
2/15/2000,#N/A
2/16/2000,#N/A
2/17/2000,#N/A
2/18/2000,#N/A
2/21/2000,#N/A
2/22/2000,#N/A
2/23/2000,#N/A
2/24/2000,#N/A
2/25/2000,#N/A
2/28/2000,#N/A
2/29/2000,#N/A
3/1/2000,#N/A
3/2/2000,#N/A
3/3/2000,#N/A
3/6/2000,#N/A
3/7/2000,#N/A
3/8/2000,#N/A
3/9/2000,#N/A
3/10/2000,#N/A
3/13/2000,#N/A
3/14/2000,#N/A
3/15/2000,#N/A
3/16/2000,#N/A
3/17/2000,#N/A
3/20/2000,#N/A
3/21/2000,#N/A
3/22/2000,#N/A
3/23/2000,#N/A
3/24/2000,#N/A
3/27/2000,#N/A
3/28/2000,#N/A
3/29/2000,#N/A
3/30/2000,#N/A
3/31/2000,#N/A
4/3/2000,#N/A
4/4/2000,#N/A
4/5/2000,#N/A
4/6/2000,#N/A
4/7/2000,#N/A
4/10/2000,#N/A
4/11/2000,#N/A
4/12/2000,#N/A
4/13/2000,#N/A
4/14/2000,#N/A
4/17/2000,#N/A
4/18/2000,#N/A
4/19/2000,#N/A
4/20/2000,#N/A
4/21/2000,#N/A
4/24/2000,#N/A
4/25/2000,#N/A
4/26/2000,#N/A
4/27/2000,#N/A
4/28/2000,#N/A
5/1/2000,#N/A
5/2/2000,#N/A
5/3/2000,#N/A
5/4/2000,#N/A
5/5/2000,#N/A
5/8/2000,#N/A
5/9/2000,#N/A
5/10/2000,#N/A
5/11/2000,#N/A
5/12/2000,#N/A
5/15/2000,#N/A
5/16/2000,#N/A
5/17/2000,#N/A
5/18/2000,#N/A
5/19/2000,#N/A
5/22/2000,#N/A
5/23/2000,#N/A
5/24/2000,#N/A
5/25/2000,#N/A
5/26/2000,#N/A
5/29/2000,#N/A
5/30/2000,#N/A
5/31/2000,#N/A
6/1/2000,#N/A
6/2/2000,#N/A
6/5/2000,#N/A
6/6/2000,#N/A
6/7/2000,#N/A
6/8/2000,#N/A
6/9/2000,#N/A
6/12/2000,#N/A
6/13/2000,#N/A
6/14/2000,#N/A
6/15/2000,#N/A
6/16/2000,#N/A
6/19/2000,#N/A
6/20/2000,#N/A
6/21/2000,#N/A
6/22/2000,#N/A
6/23/2000,#N/A
6/26/2000,#N/A
6/27/2000,#N/A
6/28/2000,#N/A
6/29/2000,#N/A
6/30/2000,#N/A
7/3/2000,#N/A
7/4/2000,#N/A
7/5/2000,#N/A
7/6/2000,#N/A
7/7/2000,#N/A
7/10/2000,#N/A
7/11/2000,#N/A
7/12/2000,#N/A
7/13/2000,#N/A
7/14/2000,#N/A
7/17/2000,#N/A
7/18/2000,#N/A
7/19/2000,#N/A
7/20/2000,#N/A
7/21/2000,#N/A
7/24/2000,#N/A
7/25/2000,#N/A
7/26/2000,#N/A
7/27/2000,#N/A
7/28/2000,#N/A
7/31/2000,#N/A
8/1/2000,#N/A
8/2/2000,#N/A
8/3/2000,#N/A
8/4/2000,#N/A
8/7/2000,#N/A
8/8/2000,#N/A
8/9/2000,#N/A
8/10/2000,#N/A
8/11/2000,#N/A
8/14/2000,#N/A
8/15/2000,#N/A
8/16/2000,#N/A
8/17/2000,#N/A
8/18/2000,#N/A
8/21/2000,#N/A
8/22/2000,#N/A
8/23/2000,#N/A
8/24/2000,#N/A
8/25/2000,#N/A
8/28/2000,#N/A
8/29/2000,#N/A
8/30/2000,#N/A
8/31/2000,#N/A
9/1/2000,#N/A
9/4/2000,#N/A
9/5/2000,#N/A
9/6/2000,#N/A
9/7/2000,#N/A
9/8/2000,#N/A
9/11/2000,#N/A
9/12/2000,#N/A
9/13/2000,#N/A
9/14/2000,#N/A
9/15/2000,#N/A
9/18/2000,#N/A
9/19/2000,#N/A
9/20/2000,#N/A
9/21/2000,#N/A
9/22/2000,#N/A
9/25/2000,#N/A
9/26/2000,#N/A
9/27/2000,#N/A
9/28/2000,#N/A
9/29/2000,#N/A
10/2/2000,#N/A
10/3/2000,#N/A
10/4/2000,#N/A
10/5/2000,#N/A
10/6/2000,#N/A
10/9/2000,#N/A
10/10/2000,#N/A
10/11/2000,#N/A
10/12/2000,#N/A
10/13/2000,#N/A
10/16/2000,#N/A
10/17/2000,#N/A
10/18/2000,#N/A
10/19/2000,#N/A
10/20/2000,#N/A
10/23/2000,#N/A
10/24/2000,#N/A
10/25/2000,#N/A
10/26/2000,#N/A
10/27/2000,#N/A
10/30/2000,#N/A
10/31/2000,#N/A
11/1/2000,#N/A
11/2/2000,#N/A
11/3/2000,#N/A
11/6/2000,#N/A
11/7/2000,#N/A
11/8/2000,#N/A
11/9/2000,#N/A
11/10/2000,#N/A
11/13/2000,#N/A
11/14/2000,#N/A
11/15/2000,#N/A
11/16/2000,#N/A
11/17/2000,#N/A
11/20/2000,#N/A
11/21/2000,#N/A
11/22/2000,#N/A
11/23/2000,#N/A
11/24/2000,#N/A
11/27/2000,#N/A
11/28/2000,#N/A
11/29/2000,#N/A
11/30/2000,#N/A
12/1/2000,#N/A
12/4/2000,#N/A
12/5/2000,#N/A
12/6/2000,#N/A
12/7/2000,#N/A
12/8/2000,#N/A
12/11/2000,#N/A
12/12/2000,#N/A
12/13/2000,#N/A
12/14/2000,#N/A
12/15/2000,#N/A
12/18/2000,#N/A
12/19/2000,#N/A
12/20/2000,#N/A
12/21/2000,#N/A
12/22/2000,#N/A
12/25/2000,#N/A
12/26/2000,#N/A
12/27/2000,#N/A
12/28/2000,#N/A
12/29/2000,#N/A
1/1/2001,#N/A
1/2/2001,#N/A
1/3/2001,#N/A
1/4/2001,#N/A
1/5/2001,#N/A
1/8/2001,#N/A
1/9/2001,#N/A
1/10/2001,#N/A
1/11/2001,#N/A
1/12/2001,#N/A
1/15/2001,#N/A
1/16/2001,#N/A
1/17/2001,#N/A
1/18/2001,#N/A
1/19/2001,#N/A
1/22/2001,#N/A
1/23/2001,#N/A
1/24/2001,#N/A
1/25/2001,#N/A
1/26/2001,#N/A
1/29/2001,#N/A
1/30/2001,#N/A
1/31/2001,#N/A
2/1/2001,#N/A
2/2/2001,#N/A
2/5/2001,#N/A
2/6/2001,#N/A
2/7/2001,#N/A
2/8/2001,#N/A
2/9/2001,#N/A
2/12/2001,#N/A
2/13/2001,#N/A
2/14/2001,#N/A
2/15/2001,#N/A
2/16/2001,#N/A
2/19/2001,#N/A
2/20/2001,#N/A
2/21/2001,#N/A
2/22/2001,#N/A
2/23/2001,#N/A
2/26/2001,#N/A
2/27/2001,#N/A
2/28/2001,#N/A
3/1/2001,#N/A
3/2/2001,#N/A
3/5/2001,#N/A
3/6/2001,#N/A
3/7/2001,#N/A
3/8/2001,#N/A
3/9/2001,#N/A
3/12/2001,#N/A
3/13/2001,#N/A
3/14/2001,#N/A
3/15/2001,#N/A
3/16/2001,#N/A
3/19/2001,#N/A
3/20/2001,#N/A
3/21/2001,#N/A
3/22/2001,#N/A
3/23/2001,#N/A
3/26/2001,#N/A
3/27/2001,#N/A
3/28/2001,#N/A
3/29/2001,#N/A
3/30/2001,#N/A
4/2/2001,#N/A
4/3/2001,#N/A
4/4/2001,#N/A
4/5/2001,#N/A
4/6/2001,#N/A
4/9/2001,#N/A
4/10/2001,#N/A
4/11/2001,#N/A
4/12/2001,#N/A
4/13/2001,#N/A
4/16/2001,#N/A
4/17/2001,#N/A
4/18/2001,#N/A
4/19/2001,#N/A
4/20/2001,#N/A
4/23/2001,#N/A
4/24/2001,#N/A
4/25/2001,#N/A
4/26/2001,#N/A
4/27/2001,#N/A
4/30/2001,#N/A
5/1/2001,#N/A
5/2/2001,#N/A
5/3/2001,#N/A
5/4/2001,#N/A
5/7/2001,#N/A
5/8/2001,#N/A
5/9/2001,#N/A
5/10/2001,#N/A
5/11/2001,#N/A
5/14/2001,#N/A
5/15/2001,#N/A
5/16/2001,#N/A
5/17/2001,#N/A
5/18/2001,#N/A
5/21/2001,#N/A
5/22/2001,#N/A
5/23/2001,#N/A
5/24/2001,#N/A
5/25/2001,#N/A
5/28/2001,#N/A
5/29/2001,#N/A
5/30/2001,#N/A
5/31/2001,#N/A
6/1/2001,#N/A
6/4/2001,#N/A
6/5/2001,#N/A
6/6/2001,#N/A
6/7/2001,#N/A
6/8/2001,#N/A
6/11/2001,#N/A
6/12/2001,#N/A
6/13/2001,#N/A
6/14/2001,#N/A
6/15/2001,#N/A
6/18/2001,#N/A
6/19/2001,#N/A
6/20/2001,#N/A
6/21/2001,#N/A
6/22/2001,#N/A
6/25/2001,#N/A
6/26/2001,#N/A
6/27/2001,#N/A
6/28/2001,#N/A
6/29/2001,#N/A
7/2/2001,#N/A
7/3/2001,#N/A
7/4/2001,#N/A
7/5/2001,#N/A
7/6/2001,#N/A
7/9/2001,#N/A
7/10/2001,#N/A
7/11/2001,#N/A
7/12/2001,#N/A
7/13/2001,#N/A
7/16/2001,#N/A
7/17/2001,#N/A
7/18/2001,#N/A
7/19/2001,#N/A
7/20/2001,#N/A
7/23/2001,#N/A
7/24/2001,#N/A
7/25/2001,#N/A
7/26/2001,#N/A
7/27/2001,#N/A
7/30/2001,#N/A
7/31/2001,#N/A
8/1/2001,#N/A
8/2/2001,#N/A
8/3/2001,#N/A
8/6/2001,#N/A
8/7/2001,#N/A
8/8/2001,#N/A
8/9/2001,#N/A
8/10/2001,#N/A
8/13/2001,#N/A
8/14/2001,#N/A
8/15/2001,#N/A
8/16/2001,#N/A
8/17/2001,#N/A
8/20/2001,#N/A
8/21/2001,#N/A
8/22/2001,#N/A
8/23/2001,#N/A
8/24/2001,#N/A
8/27/2001,#N/A
8/28/2001,#N/A
8/29/2001,#N/A
8/30/2001,#N/A
8/31/2001,#N/A
9/3/2001,#N/A
9/4/2001,#N/A
9/5/2001,#N/A
9/6/2001,#N/A
9/7/2001,#N/A
9/10/2001,#N/A
9/11/2001,#N/A
9/12/2001,#N/A
9/13/2001,#N/A
9/14/2001,#N/A
9/17/2001,#N/A
9/18/2001,#N/A
9/19/2001,#N/A
9/20/2001,#N/A
9/21/2001,#N/A
9/24/2001,#N/A
9/25/2001,#N/A
9/26/2001,#N/A
9/27/2001,#N/A
9/28/2001,#N/A
10/1/2001,#N/A
10/2/2001,#N/A
10/3/2001,#N/A
10/4/2001,#N/A
10/5/2001,#N/A
10/8/2001,#N/A
10/9/2001,#N/A
10/10/2001,#N/A
10/11/2001,#N/A
10/12/2001,#N/A
10/15/2001,#N/A
10/16/2001,#N/A
10/17/2001,#N/A
10/18/2001,#N/A
10/19/2001,#N/A
10/22/2001,#N/A
10/23/2001,#N/A
10/24/2001,#N/A
10/25/2001,#N/A
10/26/2001,#N/A
10/29/2001,#N/A
10/30/2001,#N/A
10/31/2001,#N/A
11/1/2001,#N/A
11/2/2001,#N/A
11/5/2001,#N/A
11/6/2001,#N/A
11/7/2001,#N/A
11/8/2001,#N/A
11/9/2001,#N/A
11/12/2001,#N/A
11/13/2001,#N/A
11/14/2001,#N/A
11/15/2001,#N/A
11/16/2001,#N/A
11/19/2001,#N/A
11/20/2001,#N/A
11/21/2001,#N/A
11/22/2001,#N/A
11/23/2001,#N/A
11/26/2001,#N/A
11/27/2001,#N/A
11/28/2001,#N/A
11/29/2001,#N/A
11/30/2001,#N/A
12/3/2001,#N/A
12/4/2001,#N/A
12/5/2001,#N/A
12/6/2001,#N/A
12/7/2001,#N/A
12/10/2001,#N/A
12/11/2001,#N/A
12/12/2001,#N/A
12/13/2001,#N/A
12/14/2001,#N/A
12/17/2001,#N/A
12/18/2001,#N/A
12/19/2001,#N/A
12/20/2001,#N/A
12/21/2001,#N/A
12/24/2001,#N/A
12/25/2001,#N/A
12/26/2001,#N/A
12/27/2001,#N/A
12/28/2001,#N/A
12/31/2001,#N/A
1/1/2002,#N/A
1/2/2002,#N/A
1/3/2002,#N/A
1/4/2002,#N/A
1/7/2002,#N/A
1/8/2002,#N/A
1/9/2002,#N/A
1/10/2002,#N/A
1/11/2002,#N/A
1/14/2002,#N/A
1/15/2002,#N/A
1/16/2002,#N/A
1/17/2002,#N/A
1/18/2002,#N/A
1/21/2002,#N/A
1/22/2002,#N/A
1/23/2002,#N/A
1/24/2002,#N/A
1/25/2002,#N/A
1/28/2002,#N/A
1/29/2002,#N/A
1/30/2002,#N/A
1/31/2002,#N/A
2/1/2002,#N/A
2/4/2002,#N/A
2/5/2002,#N/A
2/6/2002,#N/A
2/7/2002,#N/A
2/8/2002,#N/A
2/11/2002,#N/A
2/12/2002,#N/A
2/13/2002,#N/A
2/14/2002,#N/A
2/15/2002,#N/A
2/18/2002,#N/A
2/19/2002,#N/A
2/20/2002,#N/A
2/21/2002,#N/A
2/22/2002,#N/A
2/25/2002,#N/A
2/26/2002,#N/A
2/27/2002,#N/A
2/28/2002,#N/A
3/1/2002,#N/A
3/4/2002,#N/A
3/5/2002,#N/A
3/6/2002,#N/A
3/7/2002,#N/A
3/8/2002,#N/A
3/11/2002,#N/A
3/12/2002,#N/A
3/13/2002,#N/A
3/14/2002,#N/A
3/15/2002,#N/A
3/18/2002,#N/A
3/19/2002,#N/A
3/20/2002,#N/A
3/21/2002,#N/A
3/22/2002,#N/A
3/25/2002,#N/A
3/26/2002,#N/A
3/27/2002,#N/A
3/28/2002,#N/A
3/29/2002,#N/A
4/1/2002,#N/A
4/2/2002,#N/A
4/3/2002,#N/A
4/4/2002,#N/A
4/5/2002,#N/A
4/8/2002,#N/A
4/9/2002,#N/A
4/10/2002,#N/A
4/11/2002,#N/A
4/12/2002,#N/A
4/15/2002,#N/A
4/16/2002,#N/A
4/17/2002,#N/A
4/18/2002,#N/A
4/19/2002,#N/A
4/22/2002,#N/A
4/23/2002,#N/A
4/24/2002,#N/A
4/25/2002,#N/A
4/26/2002,#N/A
4/29/2002,#N/A
4/30/2002,#N/A
5/1/2002,#N/A
5/2/2002,#N/A
5/3/2002,#N/A
5/6/2002,#N/A
5/7/2002,#N/A
5/8/2002,#N/A
5/9/2002,#N/A
5/10/2002,#N/A
5/13/2002,#N/A
5/14/2002,#N/A
5/15/2002,#N/A
5/16/2002,#N/A
5/17/2002,#N/A
5/20/2002,#N/A
5/21/2002,#N/A
5/22/2002,#N/A
5/23/2002,#N/A
5/24/2002,#N/A
5/27/2002,#N/A
5/28/2002,#N/A
5/29/2002,#N/A
5/30/2002,#N/A
5/31/2002,#N/A
6/3/2002,#N/A
6/4/2002,#N/A
6/5/2002,#N/A
6/6/2002,#N/A
6/7/2002,#N/A
6/10/2002,#N/A
6/11/2002,#N/A
6/12/2002,#N/A
6/13/2002,#N/A
6/14/2002,#N/A
6/17/2002,#N/A
6/18/2002,#N/A
6/19/2002,#N/A
6/20/2002,#N/A
6/21/2002,#N/A
6/24/2002,#N/A
6/25/2002,#N/A
6/26/2002,#N/A
6/27/2002,#N/A
6/28/2002,#N/A
7/1/2002,#N/A
7/2/2002,#N/A
7/3/2002,#N/A
7/4/2002,#N/A
7/5/2002,#N/A
7/8/2002,#N/A
7/9/2002,#N/A
7/10/2002,#N/A
7/11/2002,#N/A
7/12/2002,#N/A
7/15/2002,#N/A
7/16/2002,#N/A
7/17/2002,#N/A
7/18/2002,#N/A
7/19/2002,#N/A
7/22/2002,#N/A
7/23/2002,#N/A
7/24/2002,#N/A
7/25/2002,#N/A
7/26/2002,#N/A
7/29/2002,#N/A
7/30/2002,#N/A
7/31/2002,#N/A
8/1/2002,#N/A
8/2/2002,#N/A
8/5/2002,#N/A
8/6/2002,#N/A
8/7/2002,#N/A
8/8/2002,#N/A
8/9/2002,#N/A
8/12/2002,#N/A
8/13/2002,#N/A
8/14/2002,#N/A
8/15/2002,#N/A
8/16/2002,#N/A
8/19/2002,#N/A
8/20/2002,#N/A
8/21/2002,#N/A
8/22/2002,#N/A
8/23/2002,#N/A
8/26/2002,#N/A
8/27/2002,#N/A
8/28/2002,#N/A
8/29/2002,#N/A
8/30/2002,#N/A
9/2/2002,#N/A
9/3/2002,#N/A
9/4/2002,#N/A
9/5/2002,#N/A
9/6/2002,#N/A
9/9/2002,#N/A
9/10/2002,#N/A
9/11/2002,#N/A
9/12/2002,#N/A
9/13/2002,#N/A
9/16/2002,#N/A
9/17/2002,#N/A
9/18/2002,#N/A
9/19/2002,#N/A
9/20/2002,#N/A
9/23/2002,#N/A
9/24/2002,#N/A
9/25/2002,#N/A
9/26/2002,#N/A
9/27/2002,#N/A
9/30/2002,#N/A
10/1/2002,#N/A
10/2/2002,#N/A
10/3/2002,#N/A
10/4/2002,#N/A
10/7/2002,#N/A
10/8/2002,#N/A
10/9/2002,#N/A
10/10/2002,#N/A
10/11/2002,#N/A
10/14/2002,#N/A
10/15/2002,#N/A
10/16/2002,#N/A
10/17/2002,#N/A
10/18/2002,#N/A
10/21/2002,#N/A
10/22/2002,#N/A
10/23/2002,#N/A
10/24/2002,#N/A
10/25/2002,#N/A
10/28/2002,#N/A
10/29/2002,#N/A
10/30/2002,#N/A
10/31/2002,#N/A
11/1/2002,#N/A
11/4/2002,#N/A
11/5/2002,#N/A
11/6/2002,#N/A
11/7/2002,#N/A
11/8/2002,#N/A
11/11/2002,#N/A
11/12/2002,#N/A
11/13/2002,#N/A
11/14/2002,#N/A
11/15/2002,#N/A
11/18/2002,#N/A
11/19/2002,#N/A
11/20/2002,#N/A
11/21/2002,#N/A
11/22/2002,#N/A
11/25/2002,#N/A
11/26/2002,#N/A
11/27/2002,#N/A
11/28/2002,#N/A
11/29/2002,#N/A
12/2/2002,#N/A
12/3/2002,#N/A
12/4/2002,#N/A
12/5/2002,#N/A
12/6/2002,#N/A
12/9/2002,#N/A
12/10/2002,#N/A
12/11/2002,#N/A
12/12/2002,#N/A
12/13/2002,#N/A
12/16/2002,#N/A
12/17/2002,#N/A
12/18/2002,#N/A
12/19/2002,#N/A
12/20/2002,#N/A
12/23/2002,#N/A
12/24/2002,#N/A
12/25/2002,#N/A
12/26/2002,#N/A
12/27/2002,#N/A
12/30/2002,#N/A
12/31/2002,#N/A
1/1/2003,#N/A
1/2/2003,#N/A
1/3/2003,#N/A
1/6/2003,#N/A
1/7/2003,#N/A
1/8/2003,#N/A
1/9/2003,#N/A
1/10/2003,#N/A
1/13/2003,#N/A
1/14/2003,#N/A
1/15/2003,#N/A
1/16/2003,#N/A
1/17/2003,#N/A
1/20/2003,#N/A
1/21/2003,#N/A
1/22/2003,#N/A
1/23/2003,#N/A
1/24/2003,#N/A
1/27/2003,#N/A
1/28/2003,#N/A
1/29/2003,#N/A
1/30/2003,#N/A
1/31/2003,#N/A
2/3/2003,#N/A
2/4/2003,#N/A
2/5/2003,#N/A
2/6/2003,#N/A
2/7/2003,#N/A
2/10/2003,#N/A
2/11/2003,#N/A
2/12/2003,#N/A
2/13/2003,#N/A
2/14/2003,#N/A
2/17/2003,#N/A
2/18/2003,#N/A
2/19/2003,#N/A
2/20/2003,#N/A
2/21/2003,#N/A
2/24/2003,#N/A
2/25/2003,#N/A
2/26/2003,#N/A
2/27/2003,#N/A
2/28/2003,#N/A
3/3/2003,#N/A
3/4/2003,#N/A
3/5/2003,#N/A
3/6/2003,#N/A
3/7/2003,#N/A
3/10/2003,#N/A
3/11/2003,#N/A
3/12/2003,#N/A
3/13/2003,#N/A
3/14/2003,#N/A
3/17/2003,#N/A
3/18/2003,#N/A
3/19/2003,#N/A
3/20/2003,#N/A
3/21/2003,#N/A
3/24/2003,#N/A
3/25/2003,#N/A
3/26/2003,#N/A
3/27/2003,#N/A
3/28/2003,#N/A
3/31/2003,#N/A
4/1/2003,#N/A
4/2/2003,#N/A
4/3/2003,#N/A
4/4/2003,#N/A
4/7/2003,#N/A
4/8/2003,#N/A
4/9/2003,#N/A
4/10/2003,#N/A
4/11/2003,#N/A
4/14/2003,#N/A
4/15/2003,#N/A
4/16/2003,#N/A
4/17/2003,#N/A
4/18/2003,#N/A
4/21/2003,#N/A
4/22/2003,#N/A
4/23/2003,#N/A
4/24/2003,#N/A
4/25/2003,#N/A
4/28/2003,#N/A
4/29/2003,#N/A
4/30/2003,#N/A
5/1/2003,#N/A
5/2/2003,#N/A
5/5/2003,#N/A
5/6/2003,#N/A
5/7/2003,#N/A
5/8/2003,#N/A
5/9/2003,#N/A
5/12/2003,#N/A
5/13/2003,#N/A
5/14/2003,#N/A
5/15/2003,#N/A
5/16/2003,#N/A
5/19/2003,#N/A
5/20/2003,#N/A
5/21/2003,#N/A
5/22/2003,#N/A
5/23/2003,#N/A
5/26/2003,#N/A
5/27/2003,#N/A
5/28/2003,#N/A
5/29/2003,#N/A
5/30/2003,#N/A
6/2/2003,#N/A
6/3/2003,#N/A
6/4/2003,#N/A
6/5/2003,#N/A
6/6/2003,#N/A
6/9/2003,#N/A
6/10/2003,#N/A
6/11/2003,#N/A
6/12/2003,#N/A
6/13/2003,#N/A
6/16/2003,#N/A
6/17/2003,#N/A
6/18/2003,#N/A
6/19/2003,#N/A
6/20/2003,#N/A
6/23/2003,#N/A
6/24/2003,#N/A
6/25/2003,#N/A
6/26/2003,#N/A
6/27/2003,#N/A
6/30/2003,#N/A
7/1/2003,#N/A
7/2/2003,#N/A
7/3/2003,#N/A
7/4/2003,#N/A
7/7/2003,#N/A
7/8/2003,#N/A
7/9/2003,#N/A
7/10/2003,#N/A
7/11/2003,#N/A
7/14/2003,#N/A
7/15/2003,#N/A
7/16/2003,#N/A
7/17/2003,#N/A
7/18/2003,#N/A
7/21/2003,#N/A
7/22/2003,#N/A
7/23/2003,#N/A
7/24/2003,#N/A
7/25/2003,#N/A
7/28/2003,#N/A
7/29/2003,#N/A
7/30/2003,#N/A
7/31/2003,#N/A
8/1/2003,#N/A
8/4/2003,#N/A
8/5/2003,#N/A
8/6/2003,#N/A
8/7/2003,#N/A
8/8/2003,#N/A
8/11/2003,#N/A
8/12/2003,#N/A
8/13/2003,#N/A
8/14/2003,#N/A
8/15/2003,#N/A
8/18/2003,#N/A
8/19/2003,#N/A
8/20/2003,#N/A
8/21/2003,#N/A
8/22/2003,#N/A
8/25/2003,#N/A
8/26/2003,#N/A
8/27/2003,#N/A
8/28/2003,#N/A
8/29/2003,#N/A
9/1/2003,#N/A
9/2/2003,#N/A
9/3/2003,#N/A
9/4/2003,#N/A
9/5/2003,#N/A
9/8/2003,#N/A
9/9/2003,#N/A
9/10/2003,#N/A
9/11/2003,#N/A
9/12/2003,#N/A
9/15/2003,#N/A
9/16/2003,#N/A
9/17/2003,#N/A
9/18/2003,#N/A
9/19/2003,#N/A
9/22/2003,#N/A
9/23/2003,#N/A
9/24/2003,#N/A
9/25/2003,#N/A
9/26/2003,#N/A
9/29/2003,#N/A
9/30/2003,#N/A
10/1/2003,#N/A
10/2/2003,#N/A
10/3/2003,#N/A
10/6/2003,#N/A
10/7/2003,#N/A
10/8/2003,#N/A
10/9/2003,#N/A
10/10/2003,#N/A
10/13/2003,#N/A
10/14/2003,#N/A
10/15/2003,#N/A
10/16/2003,#N/A
10/17/2003,#N/A
10/20/2003,#N/A
10/21/2003,#N/A
10/22/2003,#N/A
10/23/2003,#N/A
10/24/2003,#N/A
10/27/2003,#N/A
10/28/2003,#N/A
10/29/2003,#N/A
10/30/2003,#N/A
10/31/2003,#N/A
11/3/2003,#N/A
11/4/2003,#N/A
11/5/2003,#N/A
11/6/2003,#N/A
11/7/2003,#N/A
11/10/2003,#N/A
11/11/2003,#N/A
11/12/2003,#N/A
11/13/2003,#N/A
11/14/2003,#N/A
11/17/2003,#N/A
11/18/2003,#N/A
11/19/2003,#N/A
11/20/2003,#N/A
11/21/2003,#N/A
11/24/2003,#N/A
11/25/2003,#N/A
11/26/2003,#N/A
11/27/2003,#N/A
11/28/2003,#N/A
12/1/2003,#N/A
12/2/2003,#N/A
12/3/2003,#N/A
12/4/2003,#N/A
12/5/2003,#N/A
12/8/2003,#N/A
12/9/2003,101.5
12/10/2003,101.77
12/11/2003,102.17
12/12/2003,102.09
12/15/2003,101.87
12/16/2003,101.76
12/17/2003,101.73
12/18/2003,102.17
12/19/2003,102.12
12/22/2003,102.01
12/23/2003,101.5
12/24/2003,102.07
12/25/2003,102.07
12/26/2003,102.25
12/29/2003,101.95
12/30/2003,101.68
12/31/2003,101.71
1/1/2004,101.71
1/2/2004,101.49
1/5/2004,101.35
1/6/2004,102
1/7/2004,102.08
1/8/2004,101.69
1/9/2004,102.46
1/12/2004,102.38
1/13/2004,102.88
1/14/2004,102.9
1/15/2004,103.03
1/16/2004,103.08
1/19/2004,103.08
1/20/2004,102.99
1/21/2004,103.41
1/22/2004,103.58
1/23/2004,102.85
1/26/2004,102.47
1/27/2004,102.88
1/28/2004,102.46
1/29/2004,102.41
1/30/2004,102.95
2/2/2004,103.13
2/3/2004,103.32
2/4/2004,103.32
2/5/2004,103.01
2/6/2004,103.43
2/9/2004,103.64
2/10/2004,103.36
2/11/2004,103.78
2/12/2004,103.49
2/13/2004,104.29
2/16/2004,104.29
2/17/2004,103.78
2/18/2004,103.8
2/19/2004,103.84
2/20/2004,103.55
2/23/2004,103.88
2/24/2004,104.1
2/25/2004,104.37
2/26/2004,104.56
2/27/2004,105.16
3/1/2004,105.77
3/2/2004,105.43
3/3/2004,105.35
3/4/2004,105.38
3/5/2004,106.38
3/8/2004,106.74
3/9/2004,107.08
3/10/2004,106.74
3/11/2004,106.47
3/12/2004,106.3
3/15/2004,106.55
3/16/2004,107.15
3/17/2004,107.59
3/18/2004,107.41
3/19/2004,106.84
3/22/2004,107.1
3/23/2004,107.26
3/24/2004,107.54
3/25/2004,107.39
3/26/2004,106.93
3/29/2004,106.58
3/30/2004,106.63
3/31/2004,106.91
4/1/2004,106.35
4/2/2004,104.8
4/5/2004,104.22
4/6/2004,104.38
4/7/2004,103.76
4/8/2004,103.84
4/9/2004,103.84
4/12/2004,103.84
4/13/2004,103.3
4/14/2004,103.03
4/15/2004,102.8
4/16/2004,103.43
4/19/2004,103.43
4/20/2004,102.63
4/21/2004,102.63
4/22/2004,102.5
4/23/2004,101.46
4/26/2004,101.95
4/27/2004,102.31
4/28/2004,101.44
4/29/2004,100.9
4/30/2004,101.26
5/3/2004,100.88
5/4/2004,100.8
5/5/2004,100.76
5/6/2004,100.4
5/7/2004,99.85
5/10/2004,99.78
5/11/2004,100.22
5/12/2004,100.36
5/13/2004,100.58
5/14/2004,100.83
5/17/2004,101.59
5/18/2004,101.76
5/19/2004,101.95
5/20/2004,102.44
5/21/2004,101.88
5/24/2004,102.25
5/25/2004,102.14
5/26/2004,102.53
5/27/2004,102.85
5/28/2004,102.75
5/31/2004,102.75
6/1/2004,102.17
6/2/2004,101.65
6/3/2004,101.39
6/4/2004,101.15
6/7/2004,101.24
6/8/2004,100.79
6/9/2004,100.5
6/10/2004,100.61
6/11/2004,100.61
6/14/2004,100.17
6/15/2004,101.03
6/16/2004,100.96
6/17/2004,101.15
6/18/2004,101.3
6/21/2004,101.44
6/22/2004,101.26
6/23/2004,101.3
6/24/2004,101.4
6/25/2004,101.34
6/28/2004,100.64
6/29/2004,101.02
6/30/2004,101.92
7/1/2004,102
7/2/2004,102.92
7/5/2004,102.92
7/6/2004,102.65
7/7/2004,102.45
7/8/2004,102.5
7/9/2004,102.41
7/12/2004,102.29
7/13/2004,102.14
7/14/2004,102.14
7/15/2004,102.35
7/16/2004,102.85
7/19/2004,102.8
7/20/2004,102.06
7/21/2004,102.18
7/22/2004,102.25
7/23/2004,102.48
7/26/2004,102.14
7/27/2004,101.18
7/28/2004,101.49
7/29/2004,101.77
7/30/2004,102.33
8/2/2004,101.9
8/3/2004,102.11
8/4/2004,102.05
8/5/2004,102.36
8/6/2004,103.45
8/9/2004,103.39
8/10/2004,102.99
8/11/2004,103.4
8/12/2004,103.99
8/13/2004,104.39
8/16/2004,103.87
8/17/2004,103.98
8/18/2004,103.57
8/19/2004,104.2
8/20/2004,104.08
8/23/2004,103.62
8/24/2004,103.43
8/25/2004,103.44
8/26/2004,103.61
8/27/2004,103.66
8/30/2004,103.92
8/31/2004,104.53
9/1/2004,104.12
9/2/2004,103.62
9/3/2004,103.45
9/6/2004,103.45
9/7/2004,103.17
9/8/2004,103.67
9/9/2004,103.47
9/10/2004,103.49
9/13/2004,103.75
9/14/2004,103.77
9/15/2004,103.4
9/16/2004,103.7
9/17/2004,103.48
9/20/2004,103.85
9/21/2004,103.78
9/22/2004,104.37
9/23/2004,104
9/24/2004,103.89
9/27/2004,104.4
9/28/2004,104.64
9/29/2004,104.2
9/30/2004,104.19
10/1/2004,103.7
10/4/2004,103.45
10/5/2004,103.72
10/6/2004,103.05
10/7/2004,103.2
10/8/2004,104.05
10/11/2004,104.32
10/12/2004,104.3
10/13/2004,104.52
10/14/2004,104.72
10/15/2004,104.72
10/18/2004,104.7
10/19/2004,104.72
10/20/2004,105.18
10/21/2004,105.49
10/22/2004,105.5
10/25/2004,105.48
10/26/2004,105.42
10/27/2004,104.6
10/28/2004,105.08
10/29/2004,105.33
11/1/2004,104.79
11/2/2004,105.37
11/3/2004,105.45
11/4/2004,105.2
11/5/2004,104.71
11/8/2004,104.58
11/9/2004,104.44
11/10/2004,104.27
11/11/2004,104.53
11/12/2004,104.73
11/15/2004,105.12
11/16/2004,105.07
11/17/2004,105.44
11/18/2004,105.59
11/19/2004,105.3
11/22/2004,105.77
11/23/2004,105.57
11/24/2004,105.85
11/25/2004,105.85
11/26/2004,105.43
11/29/2004,104.95
11/30/2004,104.82
12/1/2004,104.37
12/2/2004,104.12
12/3/2004,105
12/6/2004,105.25
12/7/2004,105.29
12/8/2004,106.01
12/9/2004,105.76
12/10/2004,105.6
12/13/2004,105.79
12/14/2004,106
12/15/2004,106.72
12/16/2004,106.05
12/17/2004,106.15
12/20/2004,106.39
12/21/2004,107.01
12/22/2004,106.55
12/23/2004,106.72
12/24/2004,106.72
12/27/2004,106.38
12/28/2004,106.19
12/29/2004,105.93
12/30/2004,106.21
12/31/2004,105.81
1/3/2005,105.78
1/4/2005,105.05
1/5/2005,104.93
1/6/2005,105.1
1/7/2005,104.83
1/10/2005,104.9
1/11/2005,105
1/12/2005,105.37
1/13/2005,105.64
1/14/2005,105.65
1/17/2005,105.65
1/18/2005,105.65
1/19/2005,105.55
1/20/2005,105.6
1/21/2005,105.75
1/24/2005,105.93
1/25/2005,105.25
1/26/2005,105.38
1/27/2005,105.35
1/28/2005,105.76
1/31/2005,105.82
2/1/2005,105.48
2/2/2005,105.3
2/3/2005,105.12
2/4/2005,105.8
2/7/2005,106.15
2/8/2005,106.67
2/9/2005,107.25
2/10/2005,106.63
2/11/2005,106.676
2/14/2005,107.08
2/15/2005,106.52
2/16/2005,106.24
2/17/2005,106.11
2/18/2005,106
2/21/2005,106
2/22/2005,105.7
2/23/2005,105.93
2/24/2005,105.7
2/25/2005,105.65
2/28/2005,105.1
3/1/2005,105.15
3/2/2005,105.27
3/3/2005,105.42
3/4/2005,105.85
3/7/2005,106.15
3/8/2005,105.87
3/9/2005,105.16
3/10/2005,104.95
3/11/2005,104.5
3/14/2005,104.7
3/15/2005,104.56
3/16/2005,104.95
3/17/2005,105.32
3/18/2005,105.16
3/21/2005,104.97
3/22/2005,104.27
3/23/2005,103.95
3/24/2005,104.3
3/25/2005,104.3
3/28/2005,103.86
3/29/2005,104.14
3/30/2005,104.56
3/31/2005,105.33
4/1/2005,105.17
4/4/2005,105.28
4/5/2005,105
4/6/2005,105.06
4/7/2005,104.65
4/8/2005,104.75
4/11/2005,105.03
4/12/2005,105.6
4/13/2005,105.5
4/14/2005,105.7
4/15/2005,106.3
4/18/2005,106.3
4/19/2005,106.9
4/20/2005,107.08
4/21/2005,106.26
4/22/2005,106.96
4/25/2005,106.8
4/26/2005,106.45
4/27/2005,106.45
4/28/2005,107.27
4/29/2005,106.9
5/2/2005,106.54
5/3/2005,106.5
5/4/2005,106.25
5/5/2005,106.36
5/6/2005,105.99
5/9/2005,106.04
5/10/2005,106.4
5/11/2005,106.51
5/12/2005,106.49
5/13/2005,106.52
5/16/2005,106.48
5/17/2005,106.71
5/18/2005,106.55
5/19/2005,106.44
5/20/2005,106.83
5/23/2005,106.96
5/24/2005,107.29
5/25/2005,106.9
5/26/2005,106.55
5/27/2005,106.82
5/30/2005,106.82
5/31/2005,107.3
6/1/2005,107.72
6/2/2005,107.4
6/3/2005,107.05
6/6/2005,107.05
6/7/2005,107.25
6/8/2005,106.95
6/9/2005,106.87
6/10/2005,106.22
6/13/2005,105.9
6/14/2005,105.69
6/15/2005,105.72
6/16/2005,106.1
6/17/2005,106.16
6/20/2005,106.17
6/21/2005,106.3
6/22/2005,106.65
6/23/2005,106.8
6/24/2005,107
6/27/2005,107.3
6/28/2005,107.06
6/29/2005,106.78
6/30/2005,107.23
7/1/2005,105.84
7/4/2005,105.84
7/5/2005,105.25
7/6/2005,105.46
7/7/2005,105.53
7/8/2005,105.04
7/11/2005,105.25
7/12/2005,105.04
7/13/2005,104.78
7/14/2005,104.11
7/15/2005,103.95
7/18/2005,103.59
7/19/2005,104.03
7/20/2005,104.33
7/21/2005,103.84
7/22/2005,104.25
7/25/2005,103.93
7/26/2005,104.03
7/27/2005,103.99
7/28/2005,104.22
7/29/2005,103.91
8/1/2005,103.08
8/2/2005,102.89
8/3/2005,103.36
8/4/2005,103.38
8/5/2005,102.8
8/8/2005,102.78
8/9/2005,102.7
8/10/2005,102.64
8/11/2005,103.17
8/12/2005,103.59
8/15/2005,103.59
8/16/2005,103.88
8/17/2005,103.65
8/18/2005,103.96
8/19/2005,104.15
8/22/2005,104
8/23/2005,104.28
8/24/2005,104.45
8/25/2005,104.61
8/26/2005,104.56
8/29/2005,104.73
8/30/2005,105.27
8/31/2005,105.85
9/1/2005,105.71
9/2/2005,105.75
9/5/2005,105.75
9/6/2005,105.16
9/7/2005,105.02
9/8/2005,105.19
9/9/2005,105.47
9/12/2005,105.09
9/13/2005,105.45
9/14/2005,105.38
9/15/2005,105.17
9/16/2005,105
9/19/2005,105.35
9/20/2005,105.06
9/21/2005,105.65
9/22/2005,105.68
9/23/2005,105.16
9/26/2005,104.92
9/27/2005,105.13
9/28/2005,105.54
9/29/2005,105.44
9/30/2005,105.27
10/3/2005,104.26
10/4/2005,104.18
10/5/2005,104.16
10/6/2005,103.88
10/7/2005,104.05
10/10/2005,104.17
10/11/2005,103.85
10/12/2005,103.51
10/13/2005,103.46
10/14/2005,103.68
10/17/2005,103.88
10/18/2005,103.95
10/19/2005,103.96
10/20/2005,103.89
10/21/2005,104.22
10/24/2005,103.77
10/25/2005,103.23
10/26/2005,102.92
10/27/2005,103.34
10/28/2005,103.3
10/31/2005,103.58
11/1/2005,103.14
11/2/2005,102.94
11/3/2005,102.78
11/4/2005,102.7
11/7/2005,103.03
11/8/2005,103.22
11/9/2005,102.69
11/10/2005,102.92
11/11/2005,103.06
11/14/2005,102.35
11/15/2005,102.65
11/16/2005,103.25
11/17/2005,103.37
11/18/2005,103.18
11/21/2005,103.29
11/22/2005,103.7
11/23/2005,103.3
11/24/2005,103.3
11/25/2005,103.65
11/28/2005,103.87
11/29/2005,103.35
11/30/2005,103.33
12/1/2005,101.9
12/2/2005,101.94
12/5/2005,101.88
12/6/2005,102.18
12/7/2005,101.79
12/8/2005,102.22
12/9/2005,101.86
12/12/2005,101.9
12/13/2005,102.09
12/14/2005,102.5
12/15/2005,102.5
12/16/2005,102.57
12/19/2005,102.65
12/20/2005,102.6
12/21/2005,102.5
12/22/2005,102.72
12/23/2005,103.15
12/26/2005,103.15
12/27/2005,103.27
12/28/2005,102.67
12/29/2005,102.85
12/30/2005,102.82
1/2/2006,102.82
1/3/2006,103.04
1/4/2006,103.05
1/5/2006,102.75
1/6/2006,102.7
1/9/2006,102.82
1/10/2006,102.59
1/11/2006,102.43
1/12/2006,102.83
1/13/2006,103.11
1/16/2006,103.11
1/17/2006,103.35
1/18/2006,103.3
1/19/2006,103.22
1/20/2006,103.41
1/23/2006,103.25
1/24/2006,103
1/25/2006,102.35
1/26/2006,102.25
1/27/2006,102.52
1/30/2006,102.5
1/31/2006,102.85
2/1/2006,102.54
2/2/2006,102.55
2/3/2006,103.05
2/6/2006,103.12
2/7/2006,102.64
2/8/2006,102.45
2/9/2006,102.68
2/10/2006,102.26
2/13/2006,102.21
2/14/2006,101.75
2/15/2006,101.85
2/16/2006,102.16
2/17/2006,102.72
2/20/2006,102.72
2/21/2006,102.5
2/22/2006,102.79
2/23/2006,102.55
2/24/2006,102.65
2/27/2006,102.47
2/28/2006,102.85
3/1/2006,102.64
3/2/2006,102.57
3/3/2006,102.49
3/6/2006,101.78
3/7/2006,101.78
3/8/2006,101.39
3/9/2006,101.22
3/10/2006,101.1
3/13/2006,101.15
3/14/2006,101.64
3/15/2006,101.45
3/16/2006,102
3/17/2006,101.89
3/20/2006,101.83
3/21/2006,101.329
3/22/2006,101.48
3/23/2006,101.37
3/24/2006,101.859
3/27/2006,101.53
3/28/2006,101.04
3/29/2006,100.85
3/30/2006,100.63
3/31/2006,100.65
4/3/2006,100
4/4/2006,99.92
4/5/2006,100.26
4/6/2006,99.98
4/7/2006,99.58
4/10/2006,99.65
4/11/2006,100.05
4/12/2006,99.7
4/13/2006,99.08
4/14/2006,99.08
4/17/2006,99.6
4/18/2006,99.93
4/19/2006,100.03
4/20/2006,99.691
4/21/2006,100.05
4/24/2006,99.95
4/25/2006,99.21
4/26/2006,99.1
4/27/2006,99.54
4/28/2006,99.9
5/1/2006,99.08
5/2/2006,99.3
5/3/2006,99.02
5/4/2006,98.64
5/5/2006,99.2
5/8/2006,99.2
5/9/2006,99.35
5/10/2006,99.59
5/11/2006,99.64
5/12/2006,99.3
5/15/2006,99.25
5/16/2006,99.63
5/17/2006,99.3
5/18/2006,99.91
5/19/2006,99.83
5/22/2006,99.98
5/23/2006,99.8899
5/24/2006,99.85
5/25/2006,99.84
5/26/2006,100.1
5/29/2006,100.1
5/30/2006,99.84
5/31/2006,99.7
6/1/2006,99.22
6/2/2006,99.98
6/5/2006,99.73
6/6/2006,99.59
6/7/2006,99.25
6/8/2006,99.32
6/9/2006,99.72
6/12/2006,99.7
6/13/2006,99.77
6/14/2006,99.39
6/15/2006,99.18
6/16/2006,99.21
6/19/2006,99
6/20/2006,98.91
6/21/2006,98.95
6/22/2006,98.74
6/23/2006,98.61
6/26/2006,98.5
6/27/2006,98.66
6/28/2006,98.44
6/29/2006,99.04
6/30/2006,99.57
7/3/2006,98.81
7/4/2006,98.81
7/5/2006,98.43
7/6/2006,98.77
7/7/2006,99.06
7/10/2006,99.07
7/11/2006,99.14
7/12/2006,99.12
7/13/2006,99.51
7/14/2006,99.58
7/17/2006,99.65
7/18/2006,99.15
7/19/2006,99.78
7/20/2006,100.09
7/21/2006,99.79
7/24/2006,99.71
7/25/2006,99.9
7/26/2006,100.23
7/27/2006,100.25
7/28/2006,100.55
7/31/2006,100.51
8/1/2006,100.12
8/2/2006,100.35
8/3/2006,100.3
8/4/2006,100.98
8/7/2006,100.95
8/8/2006,101.111
8/9/2006,101.15
8/10/2006,100.98
8/11/2006,100.74
8/14/2006,100.5
8/15/2006,100.85
8/16/2006,101.04
8/17/2006,100.92
8/18/2006,101.27
8/21/2006,101.53
8/22/2006,101.68
8/23/2006,101.53
8/24/2006,101.35
8/25/2006,101.58
8/28/2006,101.27
8/29/2006,101.3
8/30/2006,101.39
8/31/2006,101.61
9/1/2006,101
9/4/2006,101
9/5/2006,100.57
9/6/2006,100.52
9/7/2006,100.36
9/8/2006,100.3
9/11/2006,100.04
9/12/2006,100.23
9/13/2006,100.45
9/14/2006,100.47
9/15/2006,100.15
9/18/2006,100.08
9/19/2006,100.31
9/20/2006,100.17
9/21/2006,100.75
9/22/2006,101.07
9/25/2006,101.35
9/26/2006,101.19
9/27/2006,101.17
9/28/2006,101.19
9/29/2006,101.15
10/2/2006,100.8
10/3/2006,100.45
10/4/2006,100.84
10/5/2006,100.68
10/6/2006,100.39
10/9/2006,100.19
10/10/2006,99.79
10/11/2006,99.5
10/12/2006,99.51
10/13/2006,99.34
10/16/2006,99.42
10/17/2006,99.41
10/18/2006,99.2
10/19/2006,99.23
10/20/2006,99.22
10/23/2006,98.93
10/24/2006,99.08
10/25/2006,99.5409
10/26/2006,100.03
10/27/2006,100.25
10/30/2006,100.07
10/31/2006,100.62
11/1/2006,100.4
11/2/2006,100.14
11/3/2006,99.58
11/6/2006,99.87
11/7/2006,100.23
11/8/2006,100.41
11/9/2006,100.6
11/10/2006,100.56
11/13/2006,100.33
11/14/2006,100.45
11/15/2006,100.15
11/16/2006,99.59
11/17/2006,99.79
11/20/2006,99.82
11/21/2006,99.98
11/22/2006,100.11
11/23/2006,100.11
11/24/2006,100.35
11/27/2006,100.51
11/28/2006,100.86
11/29/2006,100.73
11/30/2006,101.13
12/1/2006,101.45
12/4/2006,101.48
12/5/2006,101.41
12/6/2006,101.06
12/7/2006,100.92
12/8/2006,100.61
12/11/2006,100.84
12/12/2006,100.85
12/13/2006,100.45
12/14/2006,100.35
12/15/2006,99.85
12/18/2006,99.67
12/19/2006,99.6
12/20/2006,99.54
12/21/2006,99.76
12/22/2006,99.35
12/25/2006,99.35
12/26/2006,99.29
12/27/2006,98.93
12/28/2006,98.75
12/29/2006,98.8
1/1/2007,98.8
1/2/2007,98.8
1/3/2007,99.23
1/4/2007,99.3
1/5/2007,99.02
1/8/2007,99.09
1/9/2007,99.02
1/10/2007,98.77
1/11/2007,98.44
1/12/2007,98.04
1/15/2007,98.04
1/16/2007,98.21
1/17/2007,98.2
1/18/2007,98.27
1/19/2007,98.44
1/22/2007,98.6
1/23/2007,98.59
1/24/2007,98.72
1/25/2007,98.42
1/26/2007,98.34
1/29/2007,98.24
1/30/2007,98.52
1/31/2007,99.03
2/1/2007,98.7044
2/2/2007,98.88
2/5/2007,98.93
2/6/2007,98.93
2/7/2007,99.1
2/8/2007,99
2/9/2007,98.75
2/12/2007,98.5
2/13/2007,98.51
2/14/2007,99.16
2/15/2007,99.13
2/16/2007,99.46
2/19/2007,99.46
2/20/2007,99.47
2/21/2007,99.61
2/22/2007,99.55
2/23/2007,99.84
2/26/2007,100.26
2/27/2007,101.15
2/28/2007,100.99
3/1/2007,100.86
3/2/2007,101.06
3/5/2007,100.99
3/6/2007,100.85
3/7/2007,101
3/8/2007,100.91
3/9/2007,100.45
3/12/2007,100.54
3/13/2007,100.94
3/14/2007,100.95
3/15/2007,100.92
3/16/2007,100.98
3/19/2007,100.97
3/20/2007,100.99
3/21/2007,101.37
3/22/2007,101.07
3/23/2007,101
3/26/2007,101.36
3/27/2007,101.33
3/28/2007,101.19
3/29/2007,101.06
3/30/2007,101.04
4/2/2007,100.71
4/3/2007,100.27
4/4/2007,100.59
4/5/2007,100.57
4/6/2007,100.57
4/9/2007,100.12
4/10/2007,100.36
4/11/2007,100.2
4/12/2007,100.2
4/13/2007,99.95
4/16/2007,100.27
4/17/2007,100.33
4/18/2007,100.66
4/19/2007,100.61
4/20/2007,100.65
4/23/2007,100.88
4/24/2007,101.05
4/25/2007,101.06
4/26/2007,100.78
4/27/2007,100.8
4/30/2007,101.34
5/1/2007,100.938
5/2/2007,100.93
5/3/2007,100.68
5/4/2007,100.73
5/7/2007,100.66
5/8/2007,100.78
5/9/2007,100.46
5/10/2007,100.68
5/11/2007,100.5
5/14/2007,100.34
5/15/2007,100.07
5/16/2007,99.97
5/17/2007,99.93
5/18/2007,99.67
5/21/2007,99.92
5/22/2007,99.53
5/23/2007,99.52
5/24/2007,99.64
5/25/2007,99.78
5/28/2007,99.78
5/29/2007,99.48
5/30/2007,99.57
5/31/2007,99.63
6/1/2007,98.85
6/4/2007,99.11
6/5/2007,98.75
6/6/2007,98.83
6/7/2007,97.97
6/8/2007,98.15
6/11/2007,97.94
6/12/2007,97.33
6/13/2007,97.69
6/14/2007,97.75
6/15/2007,98.04
6/18/2007,97.96
6/19/2007,98.48
6/20/2007,98.11
6/21/2007,98.07
6/22/2007,98.47
6/25/2007,98.7
6/26/2007,98.5
6/27/2007,98.55
6/28/2007,98.39
6/29/2007,98.98
7/2/2007,98.83
7/3/2007,98.43
7/4/2007,98.43
7/5/2007,98.02
7/6/2007,97.81
7/9/2007,98.08
7/10/2007,98.9
7/11/2007,98.47
7/12/2007,98.14
7/13/2007,98.29
7/16/2007,98.59
7/17/2007,98.44
7/18/2007,98.89
7/19/2007,99.01
7/20/2007,99.39
7/23/2007,99.18
7/24/2007,99.49
7/25/2007,99.79
7/26/2007,100.26
7/27/2007,100.41
7/30/2007,100.3
7/31/2007,100.8
8/1/2007,99.94
8/2/2007,99.99
8/3/2007,100.3
8/6/2007,99.64
8/7/2007,99.652
8/8/2007,99.28
8/9/2007,99.6
8/10/2007,99.38
8/13/2007,99.82
8/14/2007,99.94
8/15/2007,99.94
8/16/2007,100.16
8/17/2007,100.49
8/20/2007,100.48
8/21/2007,100.83
8/22/2007,100.599
8/23/2007,100.65
8/24/2007,100.78
8/27/2007,100.9
8/28/2007,101.2
8/29/2007,100.78
8/30/2007,101.22
8/31/2007,101.18
9/3/2007,101.18
9/4/2007,100.82
9/5/2007,101.29
9/6/2007,101.07
9/7/2007,102.23
9/10/2007,102.61
9/11/2007,102.61
9/12/2007,102.571
9/13/2007,102.03
9/14/2007,102.2
9/17/2007,102.566
9/18/2007,102.64
9/19/2007,102.35
9/20/2007,101.2
9/21/2007,101.6
9/24/2007,101.44
9/25/2007,101.25
9/26/2007,101.35
9/27/2007,101.95
9/28/2007,102.03
10/1/2007,101.84
10/2/2007,101.94
10/3/2007,101.75
10/4/2007,101.9
10/5/2007,101.3
10/8/2007,101.48
10/9/2007,101.13
10/10/2007,101.2
10/11/2007,101.03
10/12/2007,100.9
10/15/2007,100.9
10/16/2007,101.19
10/17/2007,101.8
10/18/2007,102.1
10/19/2007,102.97
10/22/2007,102.72
10/23/2007,102.76
10/24/2007,103.15
10/25/2007,103.44
10/26/2007,103.35
10/29/2007,103.8
10/30/2007,103.29
10/31/2007,102.8
11/1/2007,103.42
11/2/2007,104
11/5/2007,104.05
11/6/2007,104.06
11/7/2007,104.12
11/8/2007,104.44
11/9/2007,105.35
11/12/2007,105.69
11/13/2007,104.68
11/14/2007,104.69
11/15/2007,104.91
11/16/2007,105.12
11/19/2007,105.979
11/20/2007,105.87
11/21/2007,106.76
11/22/2007,106.76
11/23/2007,106.69
11/26/2007,107.9
11/27/2007,106.93
11/28/2007,106.13
11/29/2007,106.78
11/30/2007,106.7
12/3/2007,106.63
12/4/2007,106.44
12/5/2007,105.31
12/6/2007,104.99
12/7/2007,104.45
12/10/2007,104.31
12/11/2007,105.45
12/12/2007,105.04
12/13/2007,104.4
12/14/2007,104.33
12/17/2007,105.09
12/18/2007,105.2
12/19/2007,105.86
12/20/2007,105.74
12/21/2007,105.1
12/24/2007,104.78
12/25/2007,104.78
12/26/2007,104.32
12/27/2007,104.48
12/28/2007,105.11
12/31/2007,105.8
1/1/2008,105.8
1/2/2008,106.64
1/3/2008,107
1/4/2008,106.97
1/7/2008,106.95
1/8/2008,107.03
1/9/2008,106.95
1/10/2008,106.47
1/11/2008,107.26
1/14/2008,107.71
1/15/2008,108.26
1/16/2008,107.62
1/17/2008,108.4
1/18/2008,108.5
1/21/2008,108.5
1/22/2008,109.32
1/23/2008,109.06
1/24/2008,108.32
1/25/2008,109.2
1/28/2008,109.07
1/29/2008,109.03
1/30/2008,109.05
1/31/2008,109.58
2/1/2008,109.08
2/4/2008,108.45
2/5/2008,108.97
2/6/2008,108.84
2/7/2008,107.54
2/8/2008,108.62
2/11/2008,108.9
2/12/2008,108.7
2/13/2008,107.71
2/14/2008,106.99
2/15/2008,107.53
2/18/2008,107.53
2/19/2008,106.914
2/20/2008,107.265
2/21/2008,107.94
2/22/2008,107.64
2/25/2008,107.1
2/26/2008,107.81
2/27/2008,107.99
2/28/2008,109.42
2/29/2008,110.57
3/3/2008,110.01
3/4/2008,109.76
3/5/2008,109.69
3/6/2008,110.28
3/7/2008,110.69
3/10/2008,111.52
3/11/2008,110.44
3/12/2008,111.5
3/13/2008,110.78
3/14/2008,111.028
3/17/2008,109.84
3/18/2008,109.72
3/19/2008,110.18
3/20/2008,110.42
3/21/2008,110.42
3/24/2008,108.47
3/25/2008,108.29
3/26/2008,108.61
3/27/2008,108.83
3/28/2008,109.64
3/31/2008,109.9
4/1/2008,108.316
4/2/2008,108.32
4/3/2008,108.28
4/4/2008,108.9
4/7/2008,108.65
4/8/2008,108.46
4/9/2008,109.18
4/10/2008,108.71
4/11/2008,109.52
4/14/2008,109.18
4/15/2008,108.78
4/16/2008,108.11
4/17/2008,107.66
4/18/2008,107.56
4/21/2008,107.6
4/22/2008,107.87
4/23/2008,107.54
4/24/2008,106.568
4/25/2008,106.42
4/28/2008,106.6
4/29/2008,106.61
4/30/2008,107.11
5/1/2008,106.59
5/2/2008,106.32
5/5/2008,106.57
5/6/2008,106.488
5/7/2008,106.75
5/8/2008,107.54
5/9/2008,107.83
5/12/2008,107.66
5/13/2008,106.85
5/14/2008,106.95
5/15/2008,107.72
5/16/2008,107.72
5/19/2008,108.06
5/20/2008,108.709
5/21/2008,108.83
5/22/2008,108.07
5/23/2008,108.49
5/26/2008,108.49
5/27/2008,107.74
5/28/2008,106.77
5/29/2008,106.36
5/30/2008,106.78
6/2/2008,106.31
6/3/2008,106.31
6/4/2008,105.76
6/5/2008,105.43
6/6/2008,106.72
6/9/2008,106.16
6/10/2008,105.59
6/11/2008,105.79
6/12/2008,104.8
6/13/2008,104.79
6/16/2008,105.05
6/17/2008,105.35
6/18/2008,105.92
6/19/2008,105.26
6/20/2008,105.6
6/23/2008,105.6
6/24/2008,106.24
6/25/2008,106.32
6/26/2008,107.24
6/27/2008,107.75
6/30/2008,107.85
7/1/2008,107.15
7/2/2008,107.82
7/3/2008,108.1
7/4/2008,108.1
7/7/2008,108.05
7/8/2008,107.97
7/9/2008,108.6
7/10/2008,108.59
7/11/2008,107.61
7/14/2008,108.41
7/15/2008,108.34
7/16/2008,107.79
7/17/2008,107.09
7/18/2008,106.6
7/21/2008,106.62
7/22/2008,106.11
7/23/2008,105.39
7/24/2008,106.14
7/25/2008,105.41
7/28/2008,106.31
7/29/2008,105.59
7/30/2008,106.03
7/31/2008,106.47
8/1/2008,105.95
8/4/2008,105.65
8/5/2008,105.08
8/6/2008,104.81
8/7/2008,105.89
8/8/2008,105.753
8/11/2008,104.8
8/12/2008,105.29
8/13/2008,105.28
8/14/2008,105.82
8/15/2008,106.08
8/18/2008,106.18
8/19/2008,106.07
8/20/2008,106.51
8/21/2008,106.69
8/22/2008,106.28
8/25/2008,106.68
8/26/2008,106.72
8/27/2008,107
8/28/2008,106.67
8/29/2008,106.36
9/1/2008,106.36
9/2/2008,105.49
9/3/2008,105.31
9/4/2008,105.15
9/5/2008,105.18
9/8/2008,105.59
9/9/2008,105.77
9/10/2008,105.72
9/11/2008,105.8
9/12/2008,105.05
9/15/2008,105.67
9/16/2008,104.62
9/17/2008,105
9/18/2008,103.61
9/19/2008,104.14
9/22/2008,104.5
9/23/2008,103.43
9/24/2008,102.92
9/25/2008,102.88
9/26/2008,102.66
9/29/2008,103.07
9/30/2008,101.3
10/1/2008,101.83
10/2/2008,101.62
10/3/2008,101.86
10/6/2008,101.78
10/7/2008,100.91
10/8/2008,97.93
10/9/2008,97.34
10/10/2008,95.38
10/13/2008,94
10/14/2008,96.15
10/15/2008,96.48
10/16/2008,95.86
10/17/2008,95.47
10/20/2008,96.78
10/21/2008,96.93
10/22/2008,97.65
10/23/2008,96.66
10/24/2008,94.35
10/27/2008,93.35
10/28/2008,92.79
10/29/2008,93.4
10/30/2008,92.88
10/31/2008,92.37
11/3/2008,93.15
11/4/2008,94.59
11/5/2008,95.26
11/6/2008,94.86
11/7/2008,94.45
11/10/2008,94.78
11/11/2008,95
11/12/2008,95.15
11/13/2008,94.56
11/14/2008,95.52
11/17/2008,95.61
11/18/2008,94.64
11/19/2008,94.62
11/20/2008,93.48
11/21/2008,92.53
11/24/2008,90.73
11/25/2008,92.39
11/26/2008,92.89
11/27/2008,92.89
11/28/2008,93.18
12/1/2008,95.05
12/2/2008,95.89
12/3/2008,97.16
12/4/2008,97.93
12/5/2008,97.25
12/8/2008,96
12/9/2008,96.57
12/10/2008,95.94
12/11/2008,97
12/12/2008,96.6119
12/15/2008,96.2
12/16/2008,99.29
12/17/2008,101.19
12/18/2008,101.75
12/19/2008,100.01
12/22/2008,100.73
12/23/2008,100.48
12/24/2008,100.5
12/25/2008,100.5
12/26/2008,100.732
12/29/2008,100.4
12/30/2008,98.94
12/31/2008,99.24
1/1/2009,99.24
1/2/2009,97.38
1/5/2009,97.02
1/6/2009,97.74
1/7/2009,97.86
1/8/2009,98.64
1/9/2009,99.51
1/12/2009,100.01
1/13/2009,99.99
1/14/2009,100.104
1/15/2009,100.11
1/16/2009,99.696
1/19/2009,99.696
1/20/2009,99.64
1/21/2009,98.12
1/22/2009,98.29
1/23/2009,98.65
1/26/2009,98.32
1/27/2009,99.17
1/28/2009,99.23
1/29/2009,98.74
1/30/2009,99.2
2/2/2009,99.56
2/3/2009,99.2
2/4/2009,99
2/5/2009,98.89
2/6/2009,99.46
2/9/2009,100.5
2/10/2009,100.96
2/11/2009,100.69
2/12/2009,100.33
2/13/2009,99.91
2/16/2009,99.91
2/17/2009,100.52
2/18/2009,99.89
2/19/2009,99.61
2/20/2009,99.96
2/23/2009,99.86
2/24/2009,99
2/25/2009,98.41
2/26/2009,97.62
2/27/2009,97.02
3/2/2009,97.627
3/3/2009,97.41
3/4/2009,97.224
3/5/2009,98.123
3/6/2009,97.47
3/9/2009,97.1
3/10/2009,96.48
3/11/2009,96.9609
3/12/2009,98.43
3/13/2009,98.4
3/16/2009,98.3
3/17/2009,98.2
3/18/2009,101.83
3/19/2009,102.3
3/20/2009,101.79
3/23/2009,101.774
3/24/2009,102.35
3/25/2009,102.2
3/26/2009,103.34
3/27/2009,103.08
3/30/2009,103.27
3/31/2009,102.75
4/1/2009,102.64
4/2/2009,102.01
4/3/2009,101.34
4/6/2009,101.26
4/7/2009,101.12
4/8/2009,101.62
4/9/2009,101.31
4/10/2009,101.31
4/13/2009,101.77
4/14/2009,101.82
4/15/2009,101.88
4/16/2009,101.5
4/17/2009,100.5
4/20/2009,100.59
4/21/2009,100.25
4/22/2009,100.5
4/23/2009,101.03
4/24/2009,101.25
4/27/2009,101.35
4/28/2009,101.35
4/29/2009,100.93
4/30/2009,100.44
5/1/2009,98.852
5/4/2009,99.03
5/5/2009,99.06
5/6/2009,99.46
5/7/2009,99.56
5/8/2009,99.6
5/11/2009,100.1
5/12/2009,100.41
5/13/2009,100.39
5/14/2009,100.95
5/15/2009,101.16
5/18/2009,101.13
5/19/2009,101.33
5/20/2009,101.87
5/21/2009,100.87
5/22/2009,101.05
5/25/2009,101.05
5/26/2009,100.62
5/27/2009,100.39
5/28/2009,100.5
5/29/2009,101.81
6/1/2009,100.63
6/2/2009,101.35
6/3/2009,101.31
6/4/2009,100.29
6/5/2009,99.9
6/8/2009,99.51
6/9/2009,100.18
6/10/2009,100.23
6/11/2009,100.42
6/12/2009,100.23
6/15/2009,100.12
6/16/2009,100.45
6/17/2009,99.79
6/18/2009,99.54
6/19/2009,100.17
6/22/2009,100.34
6/23/2009,100.83
6/24/2009,100.31
6/25/2009,100.89
6/26/2009,100.89
6/29/2009,100.96
6/30/2009,101.64
7/1/2009,101.04
7/2/2009,100.79
7/3/2009,100.79
7/6/2009,100.55
7/7/2009,100.71
7/8/2009,101.07
7/9/2009,100.25
7/10/2009,100.65
7/13/2009,100.24
7/14/2009,100.16
7/15/2009,99.89
7/16/2009,100.51
7/17/2009,100.47
7/20/2009,101.05
7/21/2009,101.28
7/22/2009,101.01
7/23/2009,100.52
7/24/2009,100.57
7/27/2009,100.38
7/28/2009,100.29
7/29/2009,100.24
7/30/2009,100.81
7/31/2009,101.34
8/3/2009,100.39
8/4/2009,100.03
8/5/2009,100.11
8/6/2009,99.95
8/7/2009,100.08
8/10/2009,100.27
8/11/2009,100.71
8/12/2009,100.32
8/13/2009,100.65
8/14/2009,100.54
8/17/2009,100.9
8/18/2009,101.12
8/19/2009,101.63
8/20/2009,102.24
8/21/2009,101.83
8/24/2009,102.19
8/25/2009,101.89
8/26/2009,102.18
8/27/2009,101.81
8/28/2009,101.85
8/31/2009,101.76
9/1/2009,100.98
9/2/2009,101.14
9/3/2009,101.27
9/4/2009,101.25
9/7/2009,101.25
9/8/2009,101.46
9/9/2009,101.78
9/10/2009,102.02
9/11/2009,102.25
9/14/2009,102.02
9/15/2009,102.08
9/16/2009,102.28
9/17/2009,102.41
9/18/2009,101.94
9/21/2009,101.83
9/22/2009,102.07
9/23/2009,102.29
9/24/2009,102.19
9/25/2009,102.34
9/28/2009,102.55
9/29/2009,102.51
9/30/2009,102.88
10/1/2009,103.12
10/2/2009,102.92
10/5/2009,102.98
10/6/2009,102.97
10/7/2009,103.42
10/8/2009,103.32
10/9/2009,102.79
10/12/2009,103.04
10/13/2009,103.62
10/14/2009,103.17
10/15/2009,103.25
10/16/2009,103.58
10/19/2009,104.24
10/20/2009,104.33
10/21/2009,103.92
10/22/2009,103.41
10/23/2009,103.19
10/26/2009,102.72
10/27/2009,103.537
10/28/2009,103.62
10/29/2009,103.63
10/30/2009,104.01
11/2/2009,103.87
11/3/2009,103.66
11/4/2009,103.86
11/5/2009,104.06
11/6/2009,104.32
11/9/2009,104.86
11/10/2009,104.68
11/11/2009,105.06
11/12/2009,104.57
11/13/2009,104.61
11/16/2009,105.4
11/17/2009,105.68
11/18/2009,105.65
11/19/2009,105.66
11/20/2009,105.66
11/23/2009,105.75
11/24/2009,105.86
11/25/2009,106.28
11/26/2009,106.28
11/27/2009,106.51
11/30/2009,106.57
12/1/2009,106.18
12/2/2009,106.07
12/3/2009,105.72
12/4/2009,104.86
12/7/2009,105.03
12/8/2009,104.98
12/9/2009,104.52
12/10/2009,104.18
12/11/2009,104.22
12/14/2009,104.58
12/15/2009,104.57
12/16/2009,104.75
12/17/2009,105.2
12/18/2009,105.04
12/21/2009,104.55
12/22/2009,104.21
12/23/2009,104.06
12/24/2009,103.78
12/25/2009,103.78
12/28/2009,103.75
12/29/2009,103.83
12/30/2009,103.99
12/31/2009,103.9
1/1/2010,103.9
1/4/2010,104.17
1/5/2010,104.51
1/6/2010,104.24
1/7/2010,104.4
1/8/2010,104.62
1/11/2010,104.39
1/12/2010,104.87
1/13/2010,104.4
1/14/2010,104.67
1/15/2010,105.01
1/18/2010,105.01
1/19/2010,104.93
1/20/2010,105.09
1/21/2010,105.287
1/22/2010,105.19
1/25/2010,104.92
1/26/2010,105.24
1/27/2010,104.96
1/28/2010,105.1
1/29/2010,105.49
2/1/2010,105.24
2/2/2010,105.43
2/3/2010,105
2/4/2010,105.2791
2/5/2010,105.09
2/8/2010,104.93
2/9/2010,104.57
2/10/2010,104.26
2/11/2010,104.01
2/12/2010,104.01
2/15/2010,104.01
2/16/2010,104.31
2/17/2010,104.11
2/18/2010,104.02
2/19/2010,103.84
2/22/2010,103.579
2/23/2010,103.9
2/24/2010,103.7
2/25/2010,103.7
2/26/2010,103.91
3/1/2010,103.92
3/2/2010,104
3/3/2010,103.96
3/4/2010,104.07
3/5/2010,103.84
3/8/2010,103.75
3/9/2010,103.93
3/10/2010,103.82
3/11/2010,103.94
3/12/2010,104.21
3/15/2010,104.19
3/16/2010,104.58
3/17/2010,104.8
3/18/2010,104.38
3/19/2010,104.18
3/22/2010,104.42
3/23/2010,104.34
3/24/2010,103.5
3/25/2010,103.36
3/26/2010,103.49
3/29/2010,103.36
3/30/2010,103.45
3/31/2010,103.9
4/1/2010,103.44
4/2/2010,103.44
4/5/2010,102.71
4/6/2010,103.12
4/7/2010,103.85
4/8/2010,103.75
4/9/2010,103.86
4/12/2010,104.15
4/13/2010,104.24
4/14/2010,104.11
4/15/2010,104.41
4/16/2010,104.65
4/19/2010,104.4
4/20/2010,104.65
4/21/2010,104.97
4/22/2010,104.67
4/23/2010,104.68
4/26/2010,104.77
4/27/2010,105.38
4/28/2010,105.17
4/29/2010,105.72
4/30/2010,106.06
5/3/2010,105.71
5/4/2010,105.87
5/5/2010,105.92
5/6/2010,106.4
5/7/2010,106.17
5/10/2010,105.87
5/11/2010,106.07
5/12/2010,106.2
5/13/2010,106.29
5/14/2010,106.6
5/17/2010,106.23
5/18/2010,106.78
5/19/2010,106.1
5/20/2010,106.092
5/21/2010,106.16
5/24/2010,106.05
5/25/2010,105.7
5/26/2010,105.9
5/27/2010,105.51
5/28/2010,106.1
5/31/2010,106.1
6/1/2010,105.36
6/2/2010,105.25
6/3/2010,105.3
6/4/2010,105.97
6/7/2010,106.06
6/8/2010,105.79
6/9/2010,105.9
6/10/2010,105.12
6/11/2010,105.73
6/14/2010,105.73
6/15/2010,105.59
6/16/2010,105.92
6/17/2010,106.43
6/18/2010,106.25
6/21/2010,106.31
6/22/2010,106.56
6/23/2010,106.58
6/24/2010,106.28
6/25/2010,106.65
6/28/2010,106.9
6/29/2010,106.99
6/30/2010,106.91
7/1/2010,106.02
7/2/2010,105.82
7/5/2010,105.82
7/6/2010,105.94
7/7/2010,105.5
7/8/2010,105.66
7/9/2010,105.74
7/12/2010,105.67
7/13/2010,105.55
7/14/2010,105.85
7/15/2010,105.98
7/16/2010,105.73
7/19/2010,105.32
7/20/2010,105.44
7/21/2010,105.99
7/22/2010,105.89
7/23/2010,105.62
7/26/2010,105.66
7/27/2010,105.51
7/28/2010,105.86
7/29/2010,105.99
7/30/2010,106.37
8/2/2010,106.37
8/3/2010,106.93
8/4/2010,106.57
8/5/2010,106.96
8/6/2010,107.06
8/9/2010,107.01
8/10/2010,107.67
8/11/2010,107.66
8/12/2010,106.95
8/13/2010,107.23
8/16/2010,107.58
8/17/2010,107.34
8/18/2010,107.28
8/19/2010,107.29
8/20/2010,107.16
8/23/2010,107.16
8/24/2010,107.52
8/25/2010,107.52
8/26/2010,108.1
8/27/2010,107.46
8/30/2010,107.94
8/31/2010,108.24
9/1/2010,107.75
9/2/2010,107.55
9/3/2010,107.38
9/6/2010,107.38
9/7/2010,107.98
9/8/2010,107.66
9/9/2010,107.42
9/10/2010,107.53
9/13/2010,108.26
9/14/2010,108.15
9/15/2010,107.92
9/16/2010,107.7
9/17/2010,107.39
9/20/2010,107.81
9/21/2010,109.19
9/22/2010,109.34
9/23/2010,109.26
9/24/2010,108.715
9/27/2010,109.03
9/28/2010,109.79
9/29/2010,109.3
9/30/2010,109.06
10/1/2010,109.22
10/4/2010,109.39
10/5/2010,110.09
10/6/2010,111.06
10/7/2010,110.81
10/8/2010,111.54
10/11/2010,111.54
10/12/2010,111.2
10/13/2010,111.87
10/14/2010,112.22
10/15/2010,111.5
10/18/2010,111.75
10/19/2010,111.81
10/20/2010,111.78
10/21/2010,111.78
10/22/2010,111.81
10/25/2010,112.15
10/26/2010,111.54
10/27/2010,110.85
10/28/2010,111.25
10/29/2010,111.62
11/1/2010,111.54
11/2/2010,111.81
11/3/2010,111.61
11/4/2010,111.88
11/5/2010,111.5
11/8/2010,111.65
11/9/2010,110.64
11/10/2010,110.91
11/11/2010,110.92
11/12/2010,110.014
11/15/2010,108.63
11/16/2010,108.83
11/17/2010,108.85
11/18/2010,109.03
11/19/2010,109.34
11/22/2010,109.72
11/23/2010,109.76
11/24/2010,109.18
11/25/2010,109.18
11/26/2010,109.5
11/29/2010,109.62
11/30/2010,109.48
12/1/2010,108.59
12/2/2010,108.55
12/3/2010,108.54
12/6/2010,108.97
12/7/2010,107.89
12/8/2010,106.835
12/9/2010,106.71
12/10/2010,106.19
12/13/2010,106.83
12/14/2010,105.81
12/15/2010,106.14
12/16/2010,106.61
12/17/2010,107.33
12/20/2010,107.32
12/21/2010,107.5
12/22/2010,107.42
12/23/2010,107.02
12/24/2010,107.02
12/27/2010,107.25
12/28/2010,106.19
12/29/2010,106.88
12/30/2010,106.78
12/31/2010,107.52
1/3/2011,107.07
1/4/2011,107.34
1/5/2011,106.93
1/6/2011,107.24
1/7/2011,107.58
1/10/2011,107.89
1/11/2011,107.93
1/12/2011,107.9
1/13/2011,108.23
1/14/2011,107.76
1/17/2011,107.76
1/18/2011,107.78
1/19/2011,107.82
1/20/2011,106.8
1/21/2011,107
1/24/2011,106.93
1/25/2011,107.35
1/26/2011,107.17
1/27/2011,107.1
1/28/2011,107.51
1/31/2011,107.54
2/1/2011,107.28
2/2/2011,106.99
2/3/2011,106.43
2/4/2011,105.83
2/7/2011,105.81
2/8/2011,105.26
2/9/2011,105.56
2/10/2011,104.91
2/11/2011,105.45
2/14/2011,105.53
2/15/2011,105.66
2/16/2011,105.51
2/17/2011,105.91
2/18/2011,106.46
2/21/2011,106.46
2/22/2011,107.3
2/23/2011,107.69
2/24/2011,108.08
2/25/2011,108.44
2/28/2011,108.15
3/1/2011,108.5
3/2/2011,108.18
3/3/2011,107.89
3/4/2011,108.61
3/7/2011,108.52
3/8/2011,108.59
3/9/2011,108.74
3/10/2011,109.36
3/11/2011,109.18
3/14/2011,109.34
3/15/2011,109.31
3/16/2011,110.09
3/17/2011,110.31
3/18/2011,110.23
3/21/2011,109.76
3/22/2011,109.49
3/23/2011,109.31
3/24/2011,109.41
3/25/2011,108.9
3/28/2011,108.96
3/29/2011,108.74
3/30/2011,109.12
3/31/2011,109.16
4/1/2011,108.86
4/4/2011,109.35
4/5/2011,109.15
4/6/2011,108.56
4/7/2011,108.75
4/8/2011,108.98
4/11/2011,108.9
4/12/2011,109.45
4/13/2011,109.69
4/14/2011,109.55
4/15/2011,110.35
4/18/2011,110.38
4/19/2011,110.77
4/20/2011,110.39
4/21/2011,110.19
4/22/2011,110.19
4/25/2011,110.49
4/26/2011,110.87
4/27/2011,110.6
4/28/2011,110.93
4/29/2011,111.16
5/2/2011,110.75
5/3/2011,110.93
5/4/2011,111.03
5/5/2011,110.9
5/6/2011,110.94
5/9/2011,111.17
5/10/2011,110.87
5/11/2011,110.52
5/12/2011,110.39
5/13/2011,110.37
5/16/2011,110.4
5/17/2011,110.49
5/18/2011,110.43
5/19/2011,110.14
5/20/2011,110.1
5/23/2011,110.11
5/24/2011,110.67
5/25/2011,110.7
5/26/2011,110.97
5/27/2011,111.15
5/30/2011,111.15
5/31/2011,110.86
6/1/2011,110.6
6/2/2011,110.2
6/3/2011,110.37
6/6/2011,110.42
6/7/2011,110.58
6/8/2011,110.57
6/9/2011,110.44
6/10/2011,110.4
6/13/2011,110.39
6/14/2011,110.09
6/15/2011,110.66
6/16/2011,110.58
6/17/2011,110.52
6/20/2011,110.22
6/21/2011,110.49
6/22/2011,110.24
6/23/2011,111.04
6/24/2011,111.47
6/27/2011,111.29
6/28/2011,110.85
6/29/2011,110.89
6/30/2011,110.64
7/1/2011,110.01
7/4/2011,110.01
7/5/2011,110.13
7/6/2011,110.45
7/7/2011,110.41
7/8/2011,110.91
7/11/2011,111.53
7/12/2011,111.98
7/13/2011,112.19
7/14/2011,111.52
7/15/2011,111.87
7/18/2011,111.97
7/19/2011,112.53
7/20/2011,111.89
7/21/2011,111.66
7/22/2011,112.03
7/25/2011,112.15
7/26/2011,112.19
7/27/2011,112.4
7/28/2011,112.86
7/29/2011,114.17
8/1/2011,113.9
8/2/2011,114.65
8/3/2011,113.94
8/4/2011,114.94
8/5/2011,113.63
8/8/2011,115
8/9/2011,115.96
8/10/2011,118.1
8/11/2011,115.64
8/12/2011,116.3
8/15/2011,115.71
8/16/2011,115.97
8/17/2011,116.57
8/18/2011,115.676
8/19/2011,116.07
8/22/2011,116.04
8/23/2011,115.32
8/24/2011,113.62
8/25/2011,114.51
8/26/2011,114.85
8/29/2011,114.17
8/30/2011,114.84
8/31/2011,114.32
9/1/2011,115.35
9/2/2011,116.61
9/5/2011,116.61
9/6/2011,115.92
9/7/2011,115.61
9/8/2011,116.3
9/9/2011,116.44
9/12/2011,116.04
9/13/2011,115.54
9/14/2011,115.4
9/15/2011,115.17
9/16/2011,115.21
9/19/2011,115.5
9/20/2011,116
9/21/2011,116.2
9/22/2011,115.93
9/23/2011,115.26
9/26/2011,114.71
9/27/2011,114.92
9/28/2011,114.87
9/29/2011,114.51
9/30/2011,114.3
10/3/2011,115.25
10/4/2011,115.33
10/5/2011,115.25
10/6/2011,115.24
10/7/2011,114.85
10/10/2011,114.06
10/11/2011,114.33
10/12/2011,113.85
10/13/2011,113.92
10/14/2011,113.75
10/17/2011,114.18
10/18/2011,114.73
10/19/2011,114.55
10/20/2011,114.57
10/21/2011,114.45
10/24/2011,114.79
10/25/2011,115.82
10/26/2011,115.72
10/27/2011,115.06
10/28/2011,115.46
10/31/2011,116.49
11/1/2011,117.55
11/2/2011,117.59
11/3/2011,116.77
11/4/2011,117.4
11/7/2011,117.99
11/8/2011,117.21
11/9/2011,117.19
11/10/2011,117.42
11/11/2011,117.06
11/14/2011,117.22
11/15/2011,116.77
11/16/2011,116.44
11/17/2011,116.43
11/18/2011,116.46
11/21/2011,116.25
11/22/2011,116.61
11/23/2011,117.1
11/24/2011,117.1
11/25/2011,116.73
11/28/2011,117.11
11/29/2011,117.08
11/30/2011,116.74
12/1/2011,116.46
12/2/2011,116.99
12/5/2011,116.97
12/6/2011,116.68
12/7/2011,116.48
12/8/2011,116.53
12/9/2011,115.91
12/12/2011,116.45
12/13/2011,116.77
12/14/2011,117
12/15/2011,116.71
12/16/2011,116.97
12/19/2011,117.44
12/20/2011,117.51
12/21/2011,117.05
12/22/2011,116.99
12/23/2011,116.85
12/26/2011,116.85
12/27/2011,116.53
12/28/2011,116.83
12/29/2011,116.73
12/30/2011,116.69
1/2/2012,116.69
1/3/2012,116.65
1/4/2012,116.76
1/5/2012,116.98
1/6/2012,117.37
1/9/2012,117.49
1/10/2012,117.13
1/11/2012,117.43
1/12/2012,117.25
1/13/2012,117.58
1/16/2012,117.58
1/17/2012,117.7
1/18/2012,117.61
1/19/2012,117.18
1/20/2012,116.94
1/23/2012,116.7
1/24/2012,116.71
1/25/2012,117.61
1/26/2012,118.15
1/27/2012,118.4
1/30/2012,118.79
1/31/2012,119.36
2/1/2012,119.29
2/2/2012,119.29
2/3/2012,118.29
2/6/2012,118.82
2/7/2012,118.38
2/8/2012,118.35
2/9/2012,117.9
2/10/2012,118.45
2/13/2012,118.69
2/14/2012,118.69
2/15/2012,118.91
2/16/2012,118.61
2/17/2012,118.33
2/20/2012,118.33
2/21/2012,118.26
2/22/2012,118.93
2/23/2012,118.97
2/24/2012,119
2/27/2012,119.19
2/28/2012,119.21
2/29/2012,118.67
3/1/2012,118.38
3/2/2012,118.39
3/5/2012,117.85
3/6/2012,118.19
3/7/2012,118.45
3/8/2012,118.4
3/9/2012,118.61
3/12/2012,118.76
3/13/2012,118.47
3/14/2012,117.3701
3/15/2012,117.53
3/16/2012,117.6
3/19/2012,117.2938
3/20/2012,117.18
3/21/2012,117.4037
3/22/2012,117.53
3/23/2012,117.91
3/26/2012,117.57
3/27/2012,117.99
3/28/2012,117.84
3/29/2012,118.04
3/30/2012,117.65
4/2/2012,117.92
4/3/2012,117.05
4/4/2012,117.07
4/5/2012,117.38
4/6/2012,117.38
4/9/2012,117.92
4/10/2012,118.6
4/11/2012,118.79
4/12/2012,118.57
4/13/2012,119.07
4/16/2012,119
4/17/2012,119.26
4/18/2012,119.09
4/19/2012,118.81
4/20/2012,119.11
4/23/2012,119.24
4/24/2012,119.27
4/25/2012,119.22
4/26/2012,119.67
4/27/2012,119.55
4/30/2012,119.42
5/1/2012,119.04
5/2/2012,119.17
5/3/2012,119.02
5/4/2012,119.27
5/7/2012,119.26
5/8/2012,119.48
5/9/2012,119.34
5/10/2012,119.32
5/11/2012,119.38
5/14/2012,119.94
5/15/2012,120.08
5/16/2012,119.84
5/17/2012,120.23
5/18/2012,120.51
5/21/2012,120.68
5/22/2012,120.42
5/23/2012,120.43
5/24/2012,120.27
5/25/2012,120.38
5/28/2012,120.38
5/29/2012,120.03
5/30/2012,120.73
5/31/2012,121.31
6/1/2012,121.01
6/4/2012,120.78
6/5/2012,120.68
6/6/2012,120.11
6/7/2012,120.09
6/8/2012,120.18
6/11/2012,120.17
6/12/2012,119.91
6/13/2012,120.18
6/14/2012,120.02
6/15/2012,120.78
6/18/2012,120.72
6/19/2012,120.59
6/20/2012,120.43
6/21/2012,119.92
6/22/2012,119.34
6/25/2012,119.89
6/26/2012,119.81
6/27/2012,119.93
6/28/2012,119.98
6/29/2012,119.7
7/2/2012,119.6
7/3/2012,119.81
7/4/2012,119.81
7/5/2012,120.07
7/6/2012,120.25
7/9/2012,120.48
7/10/2012,120.79
7/11/2012,120.67
7/12/2012,120.91
7/13/2012,120.97
7/16/2012,121.11
7/17/2012,120.95
7/18/2012,120.98
7/19/2012,121.09
7/20/2012,121.47
7/23/2012,121.37
7/24/2012,121.44
7/25/2012,121.31
7/26/2012,121.14
7/27/2012,120.79
7/30/2012,121.13
7/31/2012,121.44
8/1/2012,121.49
8/2/2012,121.47
8/3/2012,121.25
8/6/2012,121.33
8/7/2012,121.07
8/8/2012,120.71
8/9/2012,120.48
8/10/2012,120.56
8/13/2012,120.4
8/14/2012,119.87
8/15/2012,118.98
8/16/2012,118.69
8/17/2012,118.85
8/20/2012,118.79
8/21/2012,118.87
8/22/2012,119.84
8/23/2012,120.4
8/24/2012,120.38
8/27/2012,120.77
8/28/2012,121.08
8/29/2012,120.67
8/30/2012,120.58
8/31/2012,121.14
9/3/2012,121.14
9/4/2012,120.98
9/5/2012,121.18
9/6/2012,120.52
9/7/2012,120.91
9/10/2012,121.22
9/11/2012,121.1
9/12/2012,120.51
9/13/2012,121.52
9/14/2012,121.93
9/17/2012,121.82
9/18/2012,121.66
9/19/2012,121.81
9/20/2012,121.4
9/21/2012,121.5
9/24/2012,121.42
9/25/2012,121.58
9/26/2012,121.86
9/27/2012,121.84
9/28/2012,121.76
10/1/2012,122
10/2/2012,122.5
10/3/2012,122.63
10/4/2012,122.81
10/5/2012,122.56
10/8/2012,122.85
10/9/2012,122.54
10/10/2012,122.41
10/11/2012,122.3
10/12/2012,122.2
10/15/2012,122.19
10/16/2012,121.67
10/17/2012,121.31
10/18/2012,121.3
10/19/2012,121.71
10/22/2012,121.51
10/23/2012,121.77
10/24/2012,121.58
10/25/2012,121.22
10/26/2012,121.82
10/29/2012,121.82
10/30/2012,121.82
10/31/2012,122.52
11/1/2012,122.09
11/2/2012,122.02
11/5/2012,122.18
11/6/2012,121.86
11/7/2012,122.56
11/8/2012,123.22
11/9/2012,122.77
11/12/2012,123.1
11/13/2012,122.96
11/14/2012,122.84
11/15/2012,122.75
11/16/2012,122.83
11/19/2012,122.6
11/20/2012,122.25
11/21/2012,121.96
11/22/2012,121.96
11/23/2012,121.87
11/26/2012,122.21
11/27/2012,122.21
11/28/2012,122.5
11/29/2012,122.72
11/30/2012,122.91
12/3/2012,122.79
12/4/2012,122.83
12/5/2012,123.05
12/6/2012,123.3
12/7/2012,123.15
12/10/2012,123.3
12/11/2012,122.94
12/12/2012,122.56
12/13/2012,122.22
12/14/2012,122.35
12/17/2012,121.89
12/18/2012,121.54
12/19/2012,121.64
12/20/2012,121.7
12/21/2012,122.04
12/24/2012,121.9
12/25/2012,121.9
12/26/2012,122.05
12/27/2012,122.19
12/28/2012,122.15
12/31/2012,121.41
1/1/2013,121.41
1/2/2013,121.34
1/3/2013,120.51
1/4/2013,120.46
1/7/2013,120.87
1/8/2013,121.04
1/9/2013,121.26
1/10/2013,121.15
1/11/2013,121.26
1/14/2013,121.3
1/15/2013,121.38
1/16/2013,121.35
1/17/2013,121.14
1/18/2013,121.34
1/21/2013,121.34
1/22/2013,121.32
1/23/2013,121.34
1/24/2013,121.27
1/25/2013,120.76
1/28/2013,120.6
1/29/2013,120.38
1/30/2013,120.42
1/31/2013,120.78
2/1/2013,120.19
2/4/2013,120.97
2/5/2013,120.62
2/6/2013,120.76
2/7/2013,120.65
2/8/2013,120.61
2/11/2013,120.52
2/12/2013,120.51
2/13/2013,120.17
2/14/2013,120.38
2/15/2013,120.05
2/18/2013,120.05
2/19/2013,119.99
2/20/2013,120.022
2/21/2013,120.17
2/22/2013,120.43
2/25/2013,121.03
2/26/2013,120.74
2/27/2013,120.74
2/28/2013,121.01
3/1/2013,121.52
3/4/2013,121.14
3/5/2013,121.11
3/6/2013,120.84
3/7/2013,120.39
3/8/2013,120
3/11/2013,119.94
3/12/2013,120.16
3/13/2013,120.19
3/14/2013,120.4
3/15/2013,120.56
3/18/2013,120.82
3/19/2013,120.94
3/20/2013,120.6
3/21/2013,120.66
3/22/2013,120.87
3/25/2013,120.88
3/26/2013,120.95
3/27/2013,121.32
3/28/2013,121.268
3/29/2013,121.268
4/1/2013,121.24
4/2/2013,121.18
4/3/2013,121.49
4/4/2013,122.06
4/5/2013,122.57
4/8/2013,122.03
4/9/2013,121.92
4/10/2013,121.24
4/11/2013,121.58
4/12/2013,122.08
4/15/2013,122.06
4/16/2013,121.85
4/17/2013,121.83
4/18/2013,120.98
4/19/2013,121.45
4/22/2013,121.77
4/23/2013,121.83
4/24/2013,122.01
4/25/2013,122.1
4/26/2013,122.55
4/29/2013,122.22
4/30/2013,122.15
5/1/2013,121.81
5/2/2013,121.68
5/3/2013,120.85
5/6/2013,120.67
5/7/2013,120.66
5/8/2013,120.4
5/9/2013,120.35
5/10/2013,120.01
5/13/2013,119.65
5/14/2013,119.14
5/15/2013,119.18
5/16/2013,119.52
5/17/2013,118.92
5/20/2013,118.89
5/21/2013,119.14
5/22/2013,118.07
5/23/2013,118.1
5/24/2013,118.2
5/27/2013,118.2
5/28/2013,117.13
5/29/2013,117.05
5/30/2013,116.62
5/31/2013,116.73
6/3/2013,116.33
6/4/2013,116.11
6/5/2013,116.25
6/6/2013,116.12
6/7/2013,115.44
6/10/2013,114.64
6/11/2013,114.58
6/12/2013,113.7
6/13/2013,114.57
6/14/2013,114.47
6/17/2013,114.1
6/18/2013,114.41
6/19/2013,112.89
6/20/2013,111.75
6/21/2013,110.44
6/24/2013,110.02
6/25/2013,110.21
6/26/2013,110.71
6/27/2013,111.63
6/28/2013,112.01
7/1/2013,112.02
7/2/2013,112.38
7/3/2013,112.17
7/4/2013,112.17
7/5/2013,110.64
7/8/2013,111.34
7/9/2013,111.29
7/10/2013,110.91
7/11/2013,111.68
7/12/2013,111.72
7/15/2013,112.26
7/16/2013,112.71
7/17/2013,113.02
7/18/2013,112.61
7/19/2013,113.42
7/22/2013,113.38
7/23/2013,113.12
7/24/2013,112.2
7/25/2013,112.26
7/26/2013,112.29
7/29/2013,112.21
7/30/2013,112.16
7/31/2013,112.87
8/1/2013,112.01
8/2/2013,112.58
8/5/2013,112.59
8/6/2013,112.86
8/7/2013,113.13
8/8/2013,113.25
8/9/2013,113.36
8/12/2013,113.06
8/13/2013,112.07
8/14/2013,111.83
8/15/2013,111.03
8/16/2013,110.51
8/19/2013,109.85
8/20/2013,110.53
8/21/2013,109.75
8/22/2013,109.8
8/23/2013,110.57
8/26/2013,110.96
8/27/2013,111.64
8/28/2013,111.23
8/29/2013,111.08
8/30/2013,110.74
9/2/2013,110.74
9/3/2013,110.06
9/4/2013,109.5
9/5/2013,108.71
9/6/2013,109.16
9/9/2013,109.36
9/10/2013,109.18
9/11/2013,109.8
9/12/2013,109.85
9/13/2013,109.84
9/16/2013,110.14
9/17/2013,110.57
9/18/2013,112.04
9/19/2013,111.68
9/20/2013,111.99
9/23/2013,112.38
9/24/2013,112.4
9/25/2013,112.5
9/26/2013,112.34
9/27/2013,112.37
9/30/2013,112.58
10/1/2013,112.39
10/2/2013,112.57
10/3/2013,112.65
10/4/2013,112.4051
10/7/2013,112.53
10/8/2013,112.23
10/9/2013,112.24
10/10/2013,112.152
10/11/2013,112.13
10/14/2013,111.64
10/15/2013,111.86
10/16/2013,112.09
10/17/2013,112.53
10/18/2013,112.69
10/21/2013,112.6
10/22/2013,113.17
10/23/2013,113.12
10/24/2013,113.16
10/25/2013,113.41
10/28/2013,113.36
10/29/2013,113.29
10/30/2013,113.14
10/31/2013,112.92
11/1/2013,112.04
11/4/2013,112.1
11/5/2013,111.66
11/6/2013,112.3
11/7/2013,112.45
11/8/2013,111.49
11/11/2013,111.28
11/12/2013,111.34
11/13/2013,111.53
11/14/2013,112.14
11/15/2013,112.19
11/18/2013,112.49
11/19/2013,112.05
11/20/2013,111.36
11/21/2013,111.55
11/22/2013,111.86
11/25/2013,111.93
11/26/2013,111.92
11/27/2013,111.7
11/28/2013,111.7
11/29/2013,111.61
12/2/2013,111.03
12/3/2013,111.09
12/4/2013,110.47
12/5/2013,110.34
12/6/2013,110.33
12/9/2013,110.42
12/10/2013,110.71
12/11/2013,110.53
12/12/2013,110.22
12/13/2013,110.54
12/16/2013,110.62
12/17/2013,110.95
12/18/2013,110.46
12/19/2013,110.05
12/20/2013,110.42
12/23/2013,110.23
12/24/2013,109.86
12/25/2013,109.86
12/26/2013,109.81
12/27/2013,109.75
12/30/2013,110.06
12/31/2013,109.9
1/1/2014,109.9
1/2/2014,110.26
1/3/2014,110.21
1/6/2014,110.58
1/7/2014,110.6
1/8/2014,110.53
1/9/2014,110.95
1/10/2014,111.54
1/13/2014,111.59
1/14/2014,111.21
1/15/2014,111.11
1/16/2014,111.2
1/17/2014,111.41
1/20/2014,111.41
1/21/2014,111.2
1/22/2014,111.01
1/23/2014,111.49
1/24/2014,111.81
1/27/2014,111.42
1/28/2014,111.64
1/29/2014,112.06
1/30/2014,111.99
1/31/2014,112.21
2/3/2014,112.87
2/4/2014,112.38
2/5/2014,111.89
2/6/2014,111.91
2/7/2014,112.23
2/10/2014,112.33
2/11/2014,111.97
2/12/2014,111.69
2/13/2014,112.07
2/14/2014,111.84
2/17/2014,111.84
2/18/2014,112.05
2/19/2014,111.83
2/20/2014,111.49
2/21/2014,111.69
2/24/2014,111.69
2/25/2014,112.12
2/26/2014,112.38
2/27/2014,112.54
2/28/2014,112.7
3/3/2014,113.22
3/4/2014,112.49
3/5/2014,112.65
3/6/2014,112.37
3/7/2014,112.13
3/10/2014,112.18
3/11/2014,112.15
3/12/2014,112.39
3/13/2014,112.85
3/14/2014,112.83
3/17/2014,112.57
3/18/2014,112.79
3/19/2014,111.75
3/20/2014,111.4
3/21/2014,111.82
3/24/2014,111.96
3/25/2014,111.93
3/26/2014,112.32
3/27/2014,112.36
3/28/2014,112.08
3/31/2014,112.1
4/1/2014,111.71
4/2/2014,111.46
4/3/2014,111.59
4/4/2014,112.1
4/7/2014,112.27
4/8/2014,112.33
4/9/2014,112.41
4/10/2014,112.8
4/11/2014,113.09
4/14/2014,112.87
4/15/2014,113.15
4/16/2014,113.22
4/17/2014,113.08
4/18/2014,113.08
4/21/2014,113.08
4/22/2014,113.08
4/23/2014,113.43
4/24/2014,113.5
4/25/2014,113.55
4/28/2014,113.21
4/29/2014,113.14
4/30/2014,113.58
5/1/2014,113.73
5/2/2014,114.03
5/5/2014,113.79
5/6/2014,113.75
5/7/2014,113.82
5/8/2014,113.98
5/9/2014,113.91
5/12/2014,113.6
5/13/2014,113.89
5/14/2014,114.54
5/15/2014,115.07
5/16/2014,114.95
5/19/2014,114.61
5/20/2014,114.83
5/21/2014,114.76
5/22/2014,114.94
5/23/2014,115.21
5/26/2014,115.21
5/27/2014,115.28
5/28/2014,115.91
5/29/2014,115.86
5/30/2014,115.59
6/2/2014,114.47
6/3/2014,113.8
6/4/2014,113.5
6/5/2014,113.79
6/6/2014,113.79
6/9/2014,113.78
6/10/2014,113.59
6/11/2014,113.7
6/12/2014,114.04
6/13/2014,113.85
6/16/2014,113.96
6/17/2014,113.8
6/18/2014,114.36
6/19/2014,114.2
6/20/2014,114.62
6/23/2014,114.52
6/24/2014,115.04
6/25/2014,115.09
6/26/2014,115.31
6/27/2014,115.345
6/30/2014,115.36
7/1/2014,114.56
7/2/2014,114.02
7/3/2014,114.11
7/4/2014,114.11
7/7/2014,114.33
7/8/2014,114.7
7/9/2014,114.98
7/10/2014,115.12
7/11/2014,115.29
7/14/2014,115.06
7/15/2014,114.81
7/16/2014,114.78
7/17/2014,115.5
7/18/2014,115.28
7/21/2014,115.49
7/22/2014,115.39
7/23/2014,115.38
7/24/2014,115.17
7/25/2014,115.67
7/28/2014,115.54
7/29/2014,115.71
7/30/2014,114.95
7/31/2014,114.91
8/1/2014,114.99
8/4/2014,114.82
8/5/2014,114.95
8/6/2014,114.96
8/7/2014,115.46
8/8/2014,115.36
8/11/2014,115.37
8/12/2014,115.02
8/13/2014,115.35
8/14/2014,115.47
8/15/2014,115.75
8/18/2014,115.3
8/19/2014,115.09
8/20/2014,114.75
8/21/2014,114.97
8/22/2014,114.92
8/25/2014,115.06
8/26/2014,114.97
8/27/2014,115.18
8/28/2014,115.36
8/29/2014,115.25
9/1/2014,115.25
9/2/2014,114.44
9/3/2014,114.65
9/4/2014,114.22
9/5/2014,114.1
9/8/2014,113.82
9/9/2014,113.49
9/10/2014,113.06
9/11/2014,113.11
9/12/2014,112.66
9/15/2014,112.79
9/16/2014,112.76
9/17/2014,112
9/18/2014,111.71
9/19/2014,112.04
9/22/2014,111.96
9/23/2014,112.38
9/24/2014,112.28
9/25/2014,112.69
9/26/2014,112.11
9/29/2014,112.19
9/30/2014,112.07
10/1/2014,112.87
10/2/2014,112.59
10/3/2014,112.41
10/6/2014,112.51
10/7/2014,112.98
10/8/2014,113.6
10/9/2014,113.48
10/10/2014,113.79
10/13/2014,114.32
10/14/2014,114.05
10/15/2014,114.18
10/16/2014,114.04
10/17/2014,114
10/20/2014,114.04
10/21/2014,113.81
10/22/2014,113.76
10/23/2014,113.35
10/24/2014,113.29
10/27/2014,113.23
10/28/2014,113.18
10/29/2014,113.03
10/30/2014,112.99
10/31/2014,113.08
11/3/2014,113.08
11/4/2014,113.04
11/5/2014,113.15
11/6/2014,112.96
11/7/2014,113.62
11/10/2014,113.22
11/11/2014,113.2
11/12/2014,113.04
11/13/2014,112.91
11/14/2014,113.2
11/17/2014,112.81
11/18/2014,112.91
11/19/2014,112.43
11/20/2014,112.72
11/21/2014,113.06
11/24/2014,113.15
11/25/2014,113.25
11/26/2014,113.31
11/27/2014,113.31
11/28/2014,113.26
12/1/2014,112.93
12/2/2014,112.29
12/3/2014,112.43
12/4/2014,112.65
12/5/2014,112
12/8/2014,112.09
12/9/2014,112.57
12/10/2014,112.8
12/11/2014,112.65
12/12/2014,112.78
12/15/2014,112.34
12/16/2014,113.04
12/17/2014,112.51
12/18/2014,111.8
12/19/2014,112.35
12/22/2014,112.46
12/23/2014,111.65
12/24/2014,111.53
12/25/2014,111.53
12/26/2014,111.57
12/29/2014,111.74
12/30/2014,111.71
12/31/2014,112.01
1/1/2015,112.01
1/2/2015,112.73
1/5/2015,112.82
1/6/2015,112.83
1/7/2015,112.92
1/8/2015,112.74
1/9/2015,113.08
1/12/2015,113.05
1/13/2015,112.87
1/14/2015,113.54
1/15/2015,114.44
1/16/2015,113.8
1/19/2015,113.8
1/20/2015,114.07
1/21/2015,113.6
1/22/2015,113.63
1/23/2015,114.32
1/26/2015,114.13
1/27/2015,114.49
1/28/2015,114.93
1/29/2015,114.8
1/30/2015,115.63
2/2/2015,115.55
2/3/2015,115.02
2/4/2015,115.26
2/5/2015,114.76
2/6/2015,113.86
2/9/2015,113.66
2/10/2015,113.28
2/11/2015,113.07
2/12/2015,112.89
2/13/2015,112.66
2/16/2015,112.66
2/17/2015,112.09
2/18/2015,112.56
2/19/2015,112.47
2/20/2015,112.48
2/23/2015,112.69
2/24/2015,113.37
2/25/2015,113.56
2/26/2015,113.48
2/27/2015,114.14
3/2/2015,113.21
3/3/2015,113.37
3/4/2015,113.48
3/5/2015,113.28
3/6/2015,111.97
3/9/2015,111.8
3/10/2015,111.93
3/11/2015,112.12
3/12/2015,111.87
3/13/2015,111.51
3/16/2015,111.67
3/17/2015,111.78
3/18/2015,113.49
3/19/2015,113.42
3/20/2015,113.76
3/23/2015,113.71
3/24/2015,114.26
3/25/2015,114.23
3/26/2015,113.62
3/27/2015,113.67
3/30/2015,113.33
3/31/2015,113.59
4/1/2015,114.47
4/2/2015,114.05
4/3/2015,114.05
4/6/2015,114.5
4/7/2015,114.75
4/8/2015,114.47
4/9/2015,114.06
4/10/2015,113.95
4/13/2015,113.98
4/14/2015,114.28
4/15/2015,114.63
4/16/2015,114.76
4/17/2015,115.49
4/20/2015,115.18
4/21/2015,114.77
4/22/2015,114.24
4/23/2015,114.53
4/24/2015,115.02
4/27/2015,115.04
4/28/2015,114.38
4/29/2015,114.17
4/30/2015,114.36
5/1/2015,113.89
5/4/2015,113.45
5/5/2015,113.4
5/6/2015,112.49
5/7/2015,112.78
5/8/2015,113.25
5/11/2015,112.22
5/12/2015,112.33
5/13/2015,112.16
5/14/2015,112.37
5/15/2015,113.15
5/18/2015,112.55
5/19/2015,112.01
5/20/2015,112.31
5/21/2015,112.74
5/22/2015,112.93
5/25/2015,112.93
5/26/2015,113.02
5/27/2015,112.92
5/28/2015,112.85
5/29/2015,113.21
6/1/2015,112.51
6/2/2015,112.05
6/3/2015,111.36
6/4/2015,111.67
6/5/2015,111.36
6/8/2015,111.51
6/9/2015,111.26
6/10/2015,110.86
6/11/2015,111.41
6/12/2015,111.47
6/15/2015,111.83
6/16/2015,112.49
6/17/2015,112.62
6/18/2015,112.35
6/19/2015,112.61
6/22/2015,112.11
6/23/2015,111.86
6/24/2015,112.06
6/25/2015,111.94
6/26/2015,111.44
6/29/2015,112.26
6/30/2015,112.05
7/1/2015,111.64
7/2/2015,112.13
7/3/2015,112.13
7/6/2015,112.57
7/7/2015,112.94
7/8/2015,113.08
7/9/2015,112.35
7/10/2015,111.82
7/13/2015,111.43
7/14/2015,111.61
7/15/2015,111.92
7/16/2015,112.06
7/17/2015,112.02
7/20/2015,111.72
7/21/2015,111.98
7/22/2015,112.03
7/23/2015,112.22
7/24/2015,112.1
7/27/2015,112.33
7/28/2015,112.06
7/29/2015,112.05
7/30/2015,112.21
7/31/2015,112.65
8/3/2015,112.55
8/4/2015,111.92
8/5/2015,111.57
8/6/2015,111.77
8/7/2015,112.08
8/10/2015,111.92
8/11/2015,112.38
8/12/2015,112.12
8/13/2015,111.82
8/14/2015,111.7
8/17/2015,111.69
8/18/2015,111.42
8/19/2015,111.8
8/20/2015,112.11
8/21/2015,112.15
8/24/2015,111.76
8/25/2015,111.49
8/26/2015,110.82
8/27/2015,111.36
8/28/2015,111.68
8/31/2015,111.58
9/1/2015,111.07
9/2/2015,110.72
9/3/2015,110.73
9/4/2015,110.91
9/7/2015,110.91
9/8/2015,110.41
9/9/2015,110.66
9/10/2015,110.69
9/11/2015,111
9/14/2015,110.79
9/15/2015,110.04
9/16/2015,110.01
9/17/2015,110.87
9/18/2015,111.22
9/21/2015,110.52
9/22/2015,110.79
9/23/2015,110.71
9/24/2015,110.72
9/25/2015,110.13
9/28/2015,110.16
9/29/2015,110.47
9/30/2015,110.69
10/1/2015,111.03
10/2/2015,111.67
10/5/2015,111.33
10/6/2015,111.65
10/7/2015,111.63
10/8/2015,111.59
10/9/2015,111.28
10/12/2015,111.48
10/13/2015,111.42
10/14/2015,111.8
10/15/2015,111.59
10/16/2015,111.29
10/19/2015,111.1
10/20/2015,110.97
10/21/2015,111.04
10/22/2015,111.42
10/23/2015,111.26
10/26/2015,111.23
10/27/2015,111.48
10/28/2015,110.92
10/29/2015,110.62
10/30/2015,110.96
11/2/2015,110.91
11/3/2015,110.72
11/4/2015,110.57
11/5/2015,110.22
11/6/2015,109.76
11/9/2015,109.72
11/10/2015,109.68
11/11/2015,109.67
11/12/2015,109.67
11/13/2015,109.82
11/16/2015,109.76
11/17/2015,109.96
11/18/2015,110.12
11/19/2015,110.51
11/20/2015,110.6
11/23/2015,110.73
11/24/2015,110.85
11/25/2015,110.79
11/26/2015,110.79
11/27/2015,110.85
11/30/2015,110.8
12/1/2015,111.21
12/2/2015,110.83
12/3/2015,110.14
12/4/2015,110.42
12/7/2015,110.38
12/8/2015,110.41
12/9/2015,110.2
12/10/2015,109.96
12/11/2015,110.32
12/14/2015,109.53
12/15/2015,109.47
12/16/2015,109.15
12/17/2015,109.53
12/18/2015,109.83
12/21/2015,109.63
12/22/2015,109.48
12/23/2015,109.58
12/24/2015,109.77
12/25/2015,109.77
12/28/2015,109.8
12/29/2015,109.38
12/30/2015,109.5
12/31/2015,109.68
1/1/2016,109.68
1/4/2016,110.11
1/5/2016,110.04
1/6/2016,110.39
1/7/2016,110.3
1/8/2016,110.39
1/11/2016,109.81
1/12/2016,110.11
1/13/2016,110.34
1/14/2016,110.24
1/15/2016,110.24
1/18/2016,110.24
1/19/2016,110.13
1/20/2016,110.19
1/21/2016,109.79
1/22/2016,109.95
1/25/2016,110.16
1/26/2016,110.44
1/27/2016,110.72
1/28/2016,110.95
1/29/2016,111.4
2/1/2016,111.2
2/2/2016,111.54
2/3/2016,111.68
2/4/2016,111.7
2/5/2016,111.39
2/8/2016,111.47
2/9/2016,111.22
2/10/2016,111.63
2/11/2016,112.02
2/12/2016,111.6
2/15/2016,111.6
2/16/2016,111.14
2/17/2016,110.95
2/18/2016,111.26
2/19/2016,111.35
2/22/2016,111.62
2/23/2016,111.96
2/24/2016,112.21
2/25/2016,112.67
2/26/2016,112.38
2/29/2016,112.76
3/1/2016,112.45
3/2/2016,112.69
3/3/2016,112.92
3/4/2016,112.57
3/7/2016,112.12
3/8/2016,112.55
3/9/2016,112.48
3/10/2016,112.09
3/11/2016,112.05
3/14/2016,111.92
3/15/2016,111.7
3/16/2016,112.89
3/17/2016,113.14
3/18/2016,113.52
3/21/2016,113.55
3/22/2016,113.26
3/23/2016,113.38
3/24/2016,113.12
3/25/2016,113.12
3/28/2016,113.26
3/29/2016,114.45
3/30/2016,114.52
3/31/2016,114.64
4/1/2016,114.73
4/4/2016,114.87
4/5/2016,114.99
4/6/2016,114.69
4/7/2016,115.09
4/8/2016,114.86
4/11/2016,114.57
4/12/2016,114.09
4/13/2016,114.19
4/14/2016,113.92
4/15/2016,114.33
4/18/2016,114.31
4/19/2016,114.51
4/20/2016,114.03
4/21/2016,113.89
4/22/2016,113.82
4/25/2016,113.69
4/26/2016,113.64
4/27/2016,114.33
4/28/2016,114.93
4/29/2016,114.88
5/2/2016,114.5
5/3/2016,114.55
5/4/2016,114.68
5/5/2016,115.05
5/6/2016,114.65
5/9/2016,114.72
5/10/2016,115.07
5/11/2016,115.05
5/12/2016,114.97
5/13/2016,115.25
5/16/2016,115.12
5/17/2016,115.2
5/18/2016,114.2
5/19/2016,114.15
5/20/2016,114.09
5/23/2016,114.15
5/24/2016,114.04
5/25/2016,114.13
5/26/2016,114.46
5/27/2016,114.31
5/30/2016,114.31
5/31/2016,114.14
6/1/2016,113.93
6/2/2016,114.32
6/3/2016,115.06
6/6/2016,115.19
6/7/2016,115.5
6/8/2016,115.77
6/9/2016,115.81
6/10/2016,115.81
6/13/2016,115.66
6/14/2016,115.37
6/15/2016,115.91
6/16/2016,115.68
6/17/2016,115.39
6/20/2016,115.06
6/21/2016,114.71
6/22/2016,115.02
6/23/2016,115.06
6/24/2016,115.78
6/27/2016,116.12
6/28/2016,116.52
6/29/2016,116.45
6/30/2016,116.67
7/1/2016,117.06
7/4/2016,117.06
7/5/2016,117.25
7/6/2016,117.53
7/7/2016,117.29
7/8/2016,117.55
7/11/2016,116.98
7/12/2016,116.59
7/13/2016,116.84
7/14/2016,116.54
7/15/2016,116.41
7/18/2016,116.33
7/19/2016,116.34
7/20/2016,116.13
7/21/2016,116.18
7/22/2016,116.08
7/25/2016,115.83
7/26/2016,116.03
7/27/2016,116.48
7/28/2016,116.64
7/29/2016,116.9
8/1/2016,115.75
8/2/2016,115.18
8/3/2016,115.51
8/4/2016,115.99
8/5/2016,115.71
8/8/2016,115.79
8/9/2016,116.07
8/10/2016,116.1
8/11/2016,115.79
8/12/2016,116.09
8/15/2016,115.79
8/16/2016,115.63
8/17/2016,115.98
8/18/2016,116.18
8/19/2016,115.99
8/22/2016,116.23
8/23/2016,116.39
8/24/2016,116.21
8/25/2016,116.15
8/26/2016,115.7
8/29/2016,116.12
8/30/2016,116.02
8/31/2016,116.04
9/1/2016,115.72
9/2/2016,115.59
9/5/2016,115.59
9/6/2016,116.14
9/7/2016,116.29
9/8/2016,115.88
9/9/2016,115.08
9/12/2016,115.12
9/13/2016,114.61
9/14/2016,114.79
9/15/2016,114.76
9/16/2016,114.95
9/19/2016,114.81
9/20/2016,114.79
9/21/2016,115.33
9/22/2016,115.9
9/23/2016,116.22
9/26/2016,116.27
9/27/2016,116.37
9/28/2016,116.51
9/29/2016,116.49
9/30/2016,116.49
10/3/2016,116.38
10/4/2016,115.81
10/5/2016,115.62
10/6/2016,115.68
10/7/2016,115.65
10/10/2016,115.49
10/11/2016,115.4
10/12/2016,115.36
10/13/2016,115.54
10/14/2016,115.43
10/17/2016,115.95
10/18/2016,116.02
10/19/2016,116.18
10/20/2016,116
10/21/2016,116.13
10/24/2016,115.95
10/25/2016,116.13
10/26/2016,116.01
10/27/2016,115.51
10/28/2016,115.64
10/31/2016,115.86
11/1/2016,115.87
11/2/2016,115.92
11/3/2016,115.59
11/4/2016,115.89
11/7/2016,115.83
11/8/2016,115.63
11/9/2016,114.77
11/10/2016,114.57
11/11/2016,114.25
11/14/2016,113.37
11/15/2016,113.44
11/16/2016,113.68
11/17/2016,113.49
11/18/2016,113.32
11/21/2016,113.59
11/22/2016,113.69
11/23/2016,113.31
11/24/2016,113.31
11/25/2016,113.12
11/28/2016,113.29
11/29/2016,113.4
11/30/2016,113.46
12/1/2016,112.89
12/2/2016,112.95
12/5/2016,113.11
12/6/2016,113.33
12/7/2016,113.43
12/8/2016,113.32
12/9/2016,112.8
12/12/2016,112.78
12/13/2016,112.74
12/14/2016,111.85
12/15/2016,111.15
12/16/2016,111.09
12/19/2016,111.55
12/20/2016,111.66
12/21/2016,111.94
12/22/2016,112.29
12/23/2016,112.42
12/26/2016,112.42
12/27/2016,112.37
12/28/2016,112.66
12/29/2016,112.8
12/30/2016,113.17
1/2/2017,113.17
1/3/2017,113.28
1/4/2017,113.53
1/5/2017,113.92
1/6/2017,113.45
1/9/2017,113.63
1/10/2017,113.72
1/11/2017,114.08
1/12/2017,114.18
1/13/2017,113.98
1/16/2017,113.98
1/17/2017,114.34
1/18/2017,113.78
1/19/2017,113.69
1/20/2017,113.71
1/23/2017,114.17
1/24/2017,113.98
1/25/2017,113.61
1/26/2017,113.78
1/27/2017,113.97
1/30/2017,113.94
1/31/2017,114.18
2/1/2017,113.94
2/2/2017,113.95
2/3/2017,113.83
2/6/2017,114.11
2/7/2017,114.06
2/8/2017,114.33
2/9/2017,114.11
2/10/2017,114.2
2/13/2017,114.02
2/14/2017,113.75
2/15/2017,113.9
2/16/2017,113.9
2/17/2017,114.16
2/20/2017,114.16
2/21/2017,114.15
2/22/2017,114.36
2/23/2017,114.63
2/24/2017,114.96
2/27/2017,114.65
2/28/2017,114.65
3/1/2017,113.96
3/2/2017,113.6
3/3/2017,113.86
3/6/2017,113.74
3/7/2017,113.54
3/8/2017,113.05
3/9/2017,112.75
3/10/2017,112.96
3/13/2017,112.7
3/14/2017,112.62
3/15/2017,113.64
3/16/2017,113.56
3/17/2017,113.81
3/20/2017,113.9642
3/21/2017,114.06
3/22/2017,114.25
3/23/2017,114.12
3/24/2017,114.45
3/27/2017,114.67
3/28/2017,114.29
3/29/2017,114.59
3/30/2017,114.31
3/31/2017,114.65
4/3/2017,114.77
4/4/2017,114.64
4/5/2017,114.86
4/6/2017,114.8
4/7/2017,114.35
4/10/2017,114.41
4/11/2017,114.63
4/12/2017,115.06
4/13/2017,115.23
4/14/2017,115.23
4/17/2017,114.96
4/18/2017,115.21
4/19/2017,115
4/20/2017,114.88
4/21/2017,114.72
4/24/2017,114.69
4/25/2017,114.5
4/26/2017,114.74
4/27/2017,114.84
4/28/2017,115.01
5/1/2017,114.34
5/2/2017,114.34
5/3/2017,114.09
5/4/2017,113.66
5/5/2017,113.75
5/8/2017,113.31
5/9/2017,113.21
5/10/2017,113.25
5/11/2017,113.59
5/12/2017,113.77
5/15/2017,113.47
5/16/2017,113.55
5/17/2017,114.21
5/18/2017,114.39
5/19/2017,114.59
5/22/2017,114.41
5/23/2017,114.24
5/24/2017,114.31
5/25/2017,114.13
5/26/2017,114.4
5/29/2017,114.4
5/30/2017,114.65
5/31/2017,114.68
6/1/2017,114.37
6/2/2017,114.83
6/5/2017,114.53
6/6/2017,114.66
6/7/2017,114.39
6/8/2017,114.27
6/9/2017,114.17
6/12/2017,113.93
6/13/2017,114.12
6/14/2017,114.14
6/15/2017,113.58
6/16/2017,113.68
6/19/2017,113.55
6/20/2017,113.67
6/21/2017,113.85
6/22/2017,114.22
6/23/2017,114.31
6/26/2017,114.49
6/27/2017,113.95
6/28/2017,114.04
6/29/2017,113.59
6/30/2017,113.43
7/3/2017,112.93
7/4/2017,112.93
7/5/2017,113.1
7/6/2017,112.81
7/7/2017,112.46
7/10/2017,112.41
7/11/2017,112.77
7/12/2017,113.1
7/13/2017,113.06
7/14/2017,113.05
7/17/2017,113.28
7/18/2017,113.6
7/19/2017,113.69
7/20/2017,113.41
7/21/2017,113.58
7/24/2017,113.58
7/25/2017,113.14
7/26/2017,113.47
7/27/2017,113.39
7/28/2017,113.66
7/31/2017,113.66
8/1/2017,113.54
8/2/2017,113.48
8/3/2017,113.79
8/4/2017,113.63
8/7/2017,113.76
8/8/2017,113.84
8/9/2017,114.05
8/10/2017,114.34
8/11/2017,114.27
8/14/2017,113.82
8/15/2017,113.48
8/16/2017,113.68
8/17/2017,113.96
8/18/2017,113.98
8/21/2017,114.02
8/22/2017,113.88
8/23/2017,114.19
8/24/2017,113.9
8/25/2017,114.09
8/28/2017,114.18
8/29/2017,114.36
8/30/2017,114.33
8/31/2017,114.62
9/1/2017,114.12
9/4/2017,114.12
9/5/2017,114.86
9/6/2017,114.72
9/7/2017,115.2
9/8/2017,115.22
9/11/2017,114.78
9/12/2017,114.59
9/13/2017,114.38
9/14/2017,114.56
9/15/2017,114.5
9/18/2017,114.45
9/19/2017,114.32
9/20/2017,114
9/21/2017,113.74
9/22/2017,114.03
9/25/2017,114.35
9/26/2017,114.26
9/27/2017,113.91
9/28/2017,113.83
9/29/2017,113.58
10/2/2017,113.38
10/3/2017,113.49
10/4/2017,113.59
10/5/2017,113.47
10/6/2017,113.38
10/9/2017,113.42
10/10/2017,113.62
10/11/2017,113.76
10/12/2017,113.97
10/13/2017,114.13
10/16/2017,113.87
10/17/2017,113.66
10/18/2017,113.52
10/19/2017,113.67
10/20/2017,113.41
10/23/2017,113.42
10/24/2017,113.26
10/25/2017,113.14
10/26/2017,113.09
10/27/2017,113.45
10/30/2017,113.75
10/31/2017,113.8
11/1/2017,113.7
11/2/2017,113.87
11/3/2017,113.95
11/6/2017,114.14
11/7/2017,114.3
11/8/2017,114.23
11/9/2017,114.21
11/10/2017,113.71
11/13/2017,113.7
11/14/2017,113.84
11/15/2017,114.16
11/16/2017,113.92
11/17/2017,114.12
11/20/2017,113.95
11/21/2017,113.94
11/22/2017,114.28
11/23/2017,114.28
11/24/2017,114.14
11/27/2017,114.12
11/28/2017,114.11
11/29/2017,113.8
11/30/2017,113.68
12/1/2017,113.61
12/4/2017,113.65
12/5/2017,113.77
12/6/2017,113.89
12/7/2017,113.74
12/8/2017,113.69
12/11/2017,113.6
12/12/2017,113.69
12/13/2017,113.89
12/14/2017,113.89
12/15/2017,113.89
12/18/2017,113.69
12/19/2017,113.35
12/20/2017,112.97
12/21/2017,113.11
12/22/2017,113.18
12/25/2017,113.18
12/26/2017,113.28
12/27/2017,113.75
12/28/2017,113.79
12/29/2017,114.08
1/1/2018,114.08
1/2/2018,113.8
1/3/2018,113.91
1/4/2018,113.94
1/5/2018,113.92
1/8/2018,113.8
1/9/2018,113.43
1/10/2018,113.39
1/11/2018,113.27
1/12/2018,113.38
1/15/2018,113.38
1/16/2018,113.57
1/17/2018,113.49
1/18/2018,113.39
1/19/2018,113.2
1/22/2018,113.14
1/23/2018,113.31
1/24/2018,113.23
1/25/2018,113.44
1/26/2018,113.37
1/29/2018,113.1
1/30/2018,112.83
1/31/2018,113.11
2/1/2018,112.51
2/2/2018,112.37
2/5/2018,112.79
2/6/2018,112.33
2/7/2018,112.08
2/8/2018,111.85
2/9/2018,111.5
2/12/2018,111.58
2/13/2018,111.66
2/14/2018,111.56
2/15/2018,111.62
2/16/2018,111.8
2/19/2018,111.8
2/20/2018,111.71
2/21/2018,111.39
2/22/2018,111.49
2/23/2018,111.9
2/26/2018,112.04
2/27/2018,111.76
2/28/2018,111.92
3/1/2018,112.26
3/2/2018,112.17
3/5/2018,112.1
3/6/2018,112.07
3/7/2018,112.07
3/8/2018,112.18
3/9/2018,112.01
3/12/2018,112.09
3/13/2018,112.18
3/14/2018,112.37
3/15/2018,112.38
3/16/2018,112.19
3/19/2018,112.12
3/20/2018,111.95
3/21/2018,112.19
3/22/2018,112.52
3/23/2018,112.58
3/26/2018,112.38
3/27/2018,112.81
3/28/2018,112.81
3/29/2018,113.05
3/30/2018,113.05
4/2/2018,112.87
4/3/2018,112.8
4/4/2018,112.74
4/5/2018,112.42
4/6/2018,112.87
4/9/2018,112.85
4/10/2018,112.8
4/11/2018,113.13
4/12/2018,112.95
4/13/2018,113.11
4/16/2018,113.01
4/17/2018,113.18
4/18/2018,112.95
4/19/2018,112.77
4/20/2018,112.38
4/23/2018,112.35
4/24/2018,112.04
4/25/2018,111.87
4/26/2018,112.16
4/27/2018,112.52
4/30/2018,112.61
5/1/2018,111.79
5/2/2018,111.93
5/3/2018,112.07
5/4/2018,112.1
5/7/2018,112.12
5/8/2018,111.92
5/9/2018,111.85
5/10/2018,112.07
5/11/2018,112.07
5/14/2018,111.79
5/15/2018,111.43
5/16/2018,111.27
5/17/2018,111.06
5/18/2018,111.36
5/21/2018,111.4
5/22/2018,111.35
5/23/2018,111.67
5/24/2018,111.8
5/25/2018,111.96
5/28/2018,111.96
5/29/2018,112.62
5/30/2018,112.41
5/31/2018,112.48
6/1/2018,111.98
6/4/2018,111.75
6/5/2018,112
6/6/2018,111.76
6/7/2018,112.1
6/8/2018,111.91
6/11/2018,111.91
6/12/2018,111.82
6/13/2018,111.75
6/14/2018,112.04
6/15/2018,112.08
6/18/2018,112.17
6/19/2018,112.35
6/20/2018,112.04
6/21/2018,112.24
6/22/2018,112.4
6/25/2018,112.45
6/26/2018,112.61
6/27/2018,112.98
6/28/2018,112.83
6/29/2018,112.87
7/2/2018,112.48
7/3/2018,112.72
7/4/2018,112.72
7/5/2018,112.85
7/6/2018,113.01
7/9/2018,112.78
7/10/2018,112.61
7/11/2018,112.73
7/12/2018,112.64
7/13/2018,112.86
7/16/2018,112.56
7/17/2018,112.41
7/18/2018,112.23
7/19/2018,112.39
7/20/2018,112.12
7/23/2018,111.59
7/24/2018,111.65
7/25/2018,111.67
7/26/2018,111.56
7/27/2018,111.73
7/30/2018,111.67
7/31/2018,111.84
8/1/2018,111.1
8/2/2018,111.16
8/3/2018,111.38
8/6/2018,111.4
8/7/2018,111.25
8/8/2018,111.26
8/9/2018,111.52
8/10/2018,111.88
8/13/2018,111.86
8/14/2018,111.72
8/15/2018,111.94
8/16/2018,111.87
8/17/2018,111.92
8/20/2018,112.14
8/21/2018,112.07
8/22/2018,112.31
8/23/2018,112.4
8/24/2018,112.51
8/27/2018,112.34
8/28/2018,112.12
8/29/2018,112.12
8/30/2018,112.22
8/31/2018,112.09
9/3/2018,112.09
9/4/2018,111.55
9/5/2018,111.44
9/6/2018,111.54
9/7/2018,111.22
9/10/2018,111.25
9/11/2018,111.02
9/12/2018,111.12
9/13/2018,110.96
9/14/2018,110.76
9/17/2018,110.78
9/18/2018,110.55
9/19/2018,110.43
9/20/2018,110.58
9/21/2018,110.59
9/24/2018,110.48
9/25/2018,110.44
9/26/2018,110.63
9/27/2018,110.67
9/28/2018,110.62
10/1/2018,110.19
10/2/2018,110.37
10/3/2018,109.84
10/4/2018,109.57
10/5/2018,109.27
10/8/2018,109.22
10/9/2018,109.53
10/10/2018,109.42
10/11/2018,109.6
10/12/2018,109.43
10/15/2018,109.5
10/16/2018,109.51
10/17/2018,109.25
10/18/2018,109.17
10/19/2018,109.07
10/22/2018,109.01
10/23/2018,109.04
10/24/2018,109.4
10/25/2018,108.94
10/26/2018,109.49
10/29/2018,109.38
10/30/2018,109.09
10/31/2018,108.84
11/1/2018,108.61
11/2/2018,108.28
11/5/2018,108.48
11/6/2018,108.44
11/7/2018,108.52
11/8/2018,108.37
11/9/2018,108.63
11/12/2018,108.86
11/13/2018,108.77
11/14/2018,108.78
11/15/2018,108.87
11/16/2018,109.32
11/19/2018,109.27
11/20/2018,109.11
11/21/2018,109.06
11/22/2018,109.06
11/23/2018,108.89
11/26/2018,108.77
11/27/2018,108.48
11/28/2018,108.61
11/29/2018,109.25
11/30/2018,109.27
12/3/2018,109.32
12/4/2018,109.65
12/5/2018,109.65
12/6/2018,109.66
12/7/2018,109.82
12/10/2018,109.55
12/11/2018,109.11
12/12/2018,108.95
12/13/2018,108.97
12/14/2018,109.05
12/17/2018,109.24
12/18/2018,109.34
12/19/2018,109.53
12/20/2018,109.22
12/21/2018,109.17
12/24/2018,109.33
12/25/2018,109.33
12/26/2018,109.11
12/27/2018,109.11
12/28/2018,109.43
12/31/2018,109.51
1/1/2019,109.51
1/2/2019,109.68
1/3/2019,110.32
1/4/2019,110.09
1/7/2019,110.02
1/8/2019,110.11
1/9/2019,110.24
1/10/2019,109.98
1/11/2019,110.27
1/14/2019,110.07
1/15/2019,109.97
1/16/2019,109.96
1/17/2019,109.87
1/18/2019,109.74
1/21/2019,109.74
1/22/2019,109.81
1/23/2019,109.68
1/24/2019,109.85
1/25/2019,109.68
1/28/2019,109.53
1/29/2019,109.85
1/30/2019,110.45
1/31/2019,111.07
2/1/2019,110.68
2/4/2019,110.46
2/5/2019,110.61
2/6/2019,110.54
2/7/2019,110.71
2/8/2019,110.76
2/11/2019,110.53
2/12/2019,110.55
2/13/2019,110.53
2/14/2019,110.84
2/15/2019,110.84
2/18/2019,110.84
2/19/2019,111.1
2/20/2019,111.14
2/21/2019,110.95
2/22/2019,111.24
2/25/2019,111.16
2/26/2019,111.32
2/27/2019,111.06
2/28/2019,110.88
3/1/2019,110.66
3/4/2019,110.82
3/5/2019,110.78
3/6/2019,110.91
3/7/2019,111.22
3/8/2019,111.32
3/11/2019,111.3
3/12/2019,111.51
3/13/2019,111.64
3/14/2019,111.61
3/15/2019,112
3/18/2019,111.99
3/19/2019,111.89
3/20/2019,112.63
3/21/2019,112.62
3/22/2019,112.96
3/25/2019,112.93
3/26/2019,112.73
3/27/2019,112.78
3/28/2019,112.87
3/29/2019,113.07
4/1/2019,112.65
4/2/2019,112.76
4/3/2019,112.41
4/4/2019,112.49
4/5/2019,112.62
4/8/2019,112.51
4/9/2019,112.62
4/10/2019,113.03
4/11/2019,112.77
4/12/2019,112.56
4/15/2019,112.62
4/16/2019,112.36
4/17/2019,112.34
4/18/2019,112.66
4/19/2019,112.66
4/22/2019,112.55
4/23/2019,112.81
4/24/2019,113.2
4/25/2019,113.2
4/26/2019,113.45
4/29/2019,113.13
4/30/2019,113.32
5/1/2019,113.04
5/2/2019,112.58
5/3/2019,112.89
5/6/2019,113.06
5/7/2019,113.12
5/8/2019,112.83
5/9/2019,113.02
5/10/2019,113.27
5/13/2019,113.51
5/14/2019,113.59
5/15/2019,113.82
5/16/2019,113.64
5/17/2019,113.53
5/20/2019,113.38
5/21/2019,113.44
5/22/2019,113.48
5/23/2019,113.72
5/24/2019,113.91
5/27/2019,113.91
5/28/2019,113.97
5/29/2019,114.17
5/30/2019,114.55
5/31/2019,115.27
6/3/2019,114.94
6/4/2019,114.71
6/5/2019,114.78
6/6/2019,114.71
6/7/2019,115.13
6/10/2019,114.51
6/11/2019,114.36
6/12/2019,114.42
6/13/2019,114.46
6/14/2019,114.28
6/17/2019,114.06
6/18/2019,114.53
6/19/2019,115.19
6/20/2019,115.84
6/21/2019,115.32
6/24/2019,115.54
6/25/2019,115.34
6/26/2019,115.23
6/27/2019,115.45
6/28/2019,115.49
7/1/2019,114.64
7/2/2019,114.7
7/3/2019,115
7/4/2019,115
7/5/2019,114.65
7/8/2019,114.67
7/9/2019,114.79
7/10/2019,114.99
7/11/2019,114.63
7/12/2019,114.83
7/15/2019,115.12
7/16/2019,114.93
7/17/2019,115.17
7/18/2019,115.41
7/19/2019,115.23
7/22/2019,115.26
7/23/2019,115.23
7/24/2019,115.26
7/25/2019,115.07
7/26/2019,114.99
7/29/2019,114.89
7/30/2019,115.06
7/31/2019,115.24
8/1/2019,115.39
8/2/2019,115.47
8/5/2019,115.87
8/6/2019,116.3
8/7/2019,116.36
8/8/2019,116.66
8/9/2019,116.54
8/12/2019,117.01
8/13/2019,116.82
8/14/2019,117.04
8/15/2019,117.56
8/16/2019,117.22
8/19/2019,116.78
8/20/2019,116.93
8/21/2019,116.81
8/22/2019,116.71
8/23/2019,117.38
8/26/2019,117.25
8/27/2019,117.8
8/28/2019,118.03
8/29/2019,118.1
8/30/2019,117.65
9/2/2019,117.65
9/3/2019,117.45
9/4/2019,117.74
9/5/2019,117.21
9/6/2019,117.31
9/9/2019,116.71
9/10/2019,116.04
9/11/2019,115.91
9/12/2019,115.82
9/13/2019,115.14
9/16/2019,115.83
9/17/2019,115.98
9/18/2019,115.62
9/19/2019,115.85
9/20/2019,116.49
9/23/2019,116.65
9/24/2019,116.91
9/25/2019,116.3
9/26/2019,116.37
9/27/2019,116.19
9/30/2019,116.29
10/1/2019,116.32
10/2/2019,116.32
10/3/2019,116.69
10/4/2019,117.05
10/7/2019,116.73
10/8/2019,116.62
